SAMPLE_ID,DM_CBFB,DM_CDH1,DM_CDKN1B,DM_ERBB2,DM_FOXA1,DM_MAP2K4,DM_MAP3K1,DM_NCOR1,DM_PIK3CA,DM_PTEN,DM_RUNX1,DM_SF3B1,DM_GATA3,DM_FAM86B1,CLASS
1,0.30667184,0.183434449,0.786329145,0.378228804,0.087609651,0.364404161,0.830686599,0.312659139,0.1627005,0.585045801,0.403159897,0.230297564,0.362313358,0.171793572,2
2,0.113505764,0.221366705,0.247022502,0.439100514,0.121795783,0.44526416,0.947506651,0.287206132,0.187978171,0.126311643,0.343619419,0.311737498,0.515644034,0.097278888,1
3,0.278163605,0.263833854,0.168432326,0.636083813,0.080526301,0.678416644,0.934960428,0.384500997,0.278635363,0.135527738,0.231004771,0.308057163,0.299055193,0.146775105,1
4,0.085736967,0.097600914,0.186985142,0.573476675,0.03767954,0.504810464,0.954005376,0.074464112,0.126439373,0.097150666,0.191492101,0.300275791,0.193515374,0.219412659,1
5,0.070930984,0.174489437,0.134403101,0.413102775,0.204876642,0.386971213,0.893247117,0,0.236314819,0.228263341,0.380990688,0.444344871,0.635338124,0.2160688,2
6,0.266620789,0.28448756,0.848225216,0.474507974,0.047896323,0.271505899,0.800146106,0.180481362,0.090791201,0.246934513,0.786017363,0.162037392,0.255276826,0.144840799,2
7,0.129669663,0.056820867,0.075883803,0.82991086,0.01186815,0.197444071,0.957878457,0.301075631,0.119807771,0.057014386,0.828155983,0.308566864,0.127139473,0.095352143,2
8,0.307278496,0.171223099,0.653332532,0.427999186,0.028331676,0.208676523,0.988443018,0.347836042,0.093825171,0.071120709,0.451601443,0.099121396,0.122288143,0.104529458,2
9,0.163782169,0.169969692,0.02026661,0.189823964,0.045624901,0.509416792,0.908388517,0.532285809,0.092949397,0.180764216,0.092072428,0.084668959,0.201603632,0.226437955,2
10,0.127141003,0.339983568,0.306686597,0.502104472,0.182994685,0.606859451,0.632054879,0.215613289,0.128819944,0.061807048,0.289892152,0.396005248,0.506034234,0.096212871,2
11,0.126912693,0.373771629,0.365485716,0.134133365,0.574178935,0.622034104,0.871959117,0.242753061,0.095952605,0.330877515,0.243949225,0.166063933,0.891113728,0.0583563,2
12,0.080449864,0.264359509,0.20560038,0.35063951,0.108514505,0.717940619,0.384530966,0.391969746,0.113798131,0.038245989,0.262405082,0.134183603,0.599518112,0.081232449,1
13,0.147221963,0.321113458,0.158643405,0.611305772,0.091886145,0.568493519,0.812588631,0.234665851,0.138743969,0.358346912,0.129766804,0.18606789,0.397287336,0.085549039,2
14,0.1098027,0.164704684,0.450911328,0.620927641,0.143631257,0.43355357,0.726611039,0.144654727,0.0920856,0.217173525,0.087050758,0.102581569,0.557132804,0.058238329,1
15,0.145048912,0.11941922,0.050649842,0.595776322,0.027030289,0.438529165,0.746256995,0.137029131,0.103650372,0.189523903,0.182634683,0.269302784,0.158730567,0.173612246,2
16,0.103816224,0.172926984,0.130878331,0.607989526,0.085730682,0.654221111,0.504387943,0.044165647,0.189419355,0.312909921,0.186860764,0.349468609,0.366960654,0.368466548,2
17,0.05610771,0.177664342,0.189168455,0.2657625,0.078209761,0.369726859,0.372409689,0.205364341,0.196178536,0.236466423,0.087814716,0.12311849,0.328384688,0.168853891,2
18,0.171414959,0.305205225,0.161114521,0.55157042,0.072147545,0.48553702,0.483690938,0.087355443,0.070911422,0.188198308,0.231972434,0.672645346,0.500335548,0.119044001,2
19,0.020464822,0.221178973,0.854838625,0.341738985,0.059119068,0.336826004,0.693656572,0.080555906,0.225549865,0.230382713,0.144768359,0.275568136,0.626846029,0.163288995,2
20,0.234095299,0.075857853,0.236383135,0.082658048,0.031662725,0.187283631,0.862006619,0.276777686,0.104898255,0.189784908,0.100418457,0.244029269,0.602604645,0.135883022,2
21,0.201515483,0.503169496,0.080180316,0.610822188,0.164887014,0.857418659,0.963017541,0.204730163,0.13967439,0.104207765,0.218443252,0.164771684,0.830242902,0.138070987,2
22,0.062206161,0.190898281,0.060108159,0.453903622,0.055146827,0.23966219,0.966212869,0.119850273,0.097148689,0.231117587,0.22226681,0.059760438,0.229074027,0.166206351,1
23,0.1580773,0.328439897,0.017620838,0.216712981,0.135955519,0.884708627,0.974684637,0.164586985,0.090551199,0.175004535,0.412340168,0.101890438,0.841869239,0.134139974,2
24,0.013180225,0.18150027,0.770261274,0.47174254,0.112704583,0.513651139,0.993605479,0.45263532,0.829970817,0.287768083,0.217638679,1,0.668690937,0.636530168,2
25,0.223299671,0.151518917,0.049803068,0.194594238,0.014830036,0.147991069,0.911831203,0.093521981,0.147821256,0.075946715,0.062927036,0.078746172,0.401639921,0.148239379,2
26,0.261805092,0.36452623,0.260843478,0.522015533,0.133640152,0.523282275,0.940675792,0.297689109,0.362081173,0.145626383,0.212348351,0.329626988,0.538378959,0.155319979,2
27,0.191581108,0.600392373,0.146296976,0.429155377,0.220675608,0.902352411,0.965855736,0.120590182,0.123768082,0.139772443,0.28439681,0.145765179,0.919660006,0.082917576,2
28,0.145620645,0.453352231,0.285516394,0.116047796,0.197253907,0.676771001,0.914994672,0.256878001,0.159574012,0.131861383,0.468897682,0.36791647,0.63941475,0.141772073,2
29,0.308023856,0.651083067,0.666168401,0.274228503,0.214454329,0.902378595,0.962281185,0.189112352,0.171232242,0.093665406,0.421261695,0.281795402,0.887354315,0.158503616,2
30,0.1661891,0.34048349,0.067045778,0.266492419,0.136578391,0.629739994,0.915187325,0.140336538,0.137484315,0.311649007,0.376791323,0.235097472,0.341043733,0.132740984,2
31,0.158959423,0.425822985,0.084840162,0.931787497,0.223749001,0.93004941,0.977451858,0.139366544,0.126226407,0.164416349,0.353918276,0.14560546,0.888280003,0.067492412,1
32,0.195055979,0.235344079,0.113369102,0.879467631,0.572497081,0.930770297,0.977003463,0.117596326,0.122054438,0.175990067,0.076540692,0.17714403,0.525224129,0.119577271,2
33,0.121037145,0.302507421,0.144362365,0.210434358,0.128763147,0.605394053,0.874882939,0.250662461,0.215358737,0.092924621,0.165566219,0.289469892,0.445713644,0.137213527,2
34,0.355412618,0.342623815,0.567989561,0.329364987,0.064783394,0.27395054,0.556039526,0.449803313,0.145072923,0.245090724,0.072535368,0.223211054,0.328441645,0.241941073,2
35,0.466395205,0.564445392,0.147125492,0.483896517,0.160907195,0.517894275,0.91987189,0.525641126,0.109844089,0.38506632,0.164324626,0.197395599,0.503534747,0.281316477,1
36,0.317998685,0.201979357,0.057442903,0.260150717,0.045886852,0.292918526,0.840240668,0.311261934,0.151076378,0.122924701,0.099771813,0.132076537,0.1874774,0.301453825,2
37,0.051535859,0.219632445,0.386797461,0.86156905,0.797683664,0.897532996,0.860744913,0.331871639,0.180706556,0.169221544,0.139981183,0.105106594,0.982559077,0.075841071,2
38,0.161204445,0.108505027,0.054375548,0.902904625,0.639363638,0.934903072,0.869463534,0.265017344,0.152825429,0.295926459,0.26761472,0.532571149,0.947508971,0.117210936,2
39,0.354232641,0.119858887,0.490842951,0.335031129,0.032434953,0.031658058,0.970670556,0.205815566,0.11336438,0.25078997,0.445833217,0.055533479,0.178958845,0.183290887,2
40,0.240789066,0.077551576,0.102560918,0.345214042,0.035819837,0.193796417,0.409784989,0.281212667,0.20740267,0.023313917,0.129804415,0.390280408,0.149569668,0.208052578,2
41,0.105060037,0.048401365,0.062649468,0.213325785,0.033358366,0.033621235,0.963968249,0.090768845,0.173410917,0.060215971,0.102989303,0.219662844,0.068891218,0.12740071,2
42,0.068082777,0.270530094,0.145644001,0.283861907,0.080219108,0.192851098,0.620339156,0.133872187,0.169434194,0.181909879,0.223791174,0.364909459,0.462810089,0.115519946,2
43,0.046436108,0.027305655,0.533403153,0.285220018,0.005605485,0.003747237,0.617996249,0.12392577,0.220557248,0.058219133,0.18708656,0.184476875,0.504527171,0.38571468,2
44,0.104129066,0.148578813,0.230617803,0.641053167,0.172292234,0.618410075,0.698913009,0.24386998,0.176025347,0.099178015,0.322890657,0.244984262,0.279848181,0.108112248,1
45,0.156349705,0.394145615,0.168596855,0.725298821,0.275590007,0.893778307,0.685374143,0.141690862,0.205863665,0.160321067,0.244598557,0.334226732,0.90604718,0.109390475,1
46,0.279698897,0.221724313,0.255707646,0.45916099,0.102245613,0.495439219,0.801459317,0.268690944,0.11692712,0.512682643,0.110373661,0.084338564,0.437414385,0.144959374,2
47,0.4529772,0.452868159,0.064699534,0.63902283,0.157870186,0.773738903,0.685416931,0.300701224,0.23899281,0.289116571,0.231222285,0.178981329,0.509688668,0.136766632,2
48,0.312126527,0.201050294,0.090141955,0.178232357,0.092314802,0.247080795,0.561910941,0.3443933,0.155262195,0.344313515,0.093578697,0.184209356,0.137637042,0.131528787,2
49,0.283839147,0.607806886,0.068578117,0.856531255,0.379102741,0.952207742,0.921921884,0.216194602,0.148171506,0.112117279,0.585527536,0.289263582,0.907646746,0.160747083,2
50,0.109034929,0.419623212,0.451637455,0.456409211,0.119764293,0.342874119,0.71456448,0.211055642,0.120467516,0.189047646,0.080415014,0.26243268,0.472374181,0.101947703,1
51,0.235754179,0.450962553,0.2592757,0.484005338,0.183943864,0.659659284,0.706128493,0.217779988,0.127631732,0.207288429,0.130815757,0.211179932,0.479878473,0.097949102,2
52,0.32962929,0.778437054,0.083736331,0.933603035,0.289424767,0.962769459,0.966190559,0.129898719,0.096245132,0.225760096,0.782810053,0.314758783,0.971695323,0.144025881,1
53,0.194042359,0.476988148,0.255348054,0.920532386,0.685787312,0.949443568,0.977129686,0.299804834,0.111651268,0.127275222,0.194321255,0.429695858,0.953868886,0.077528781,2
54,0.230902848,0.184214289,0.044781954,0.503774059,0.025227114,0.484834675,0.932370654,0.257548534,0.16432785,0.09151363,0.139136389,0.577350058,0.111987942,0.157651287,2
55,0.156613257,0.312676077,0.695782171,0.418222962,0.152185413,0.404332757,0.474378961,0.09426982,0.088527176,0.207204106,0.076968524,0.104072227,0.318369141,0.055698162,1
56,0.281753371,0.284155102,0.088733964,0.234991371,0.042513384,0.463543483,0.915413693,0.231242649,0.241464844,0.234911008,0.34637879,0.153966542,0.386686561,0.07119223,1
57,0.065708234,0.44961679,0.208852698,0.251863121,0.198195999,0.784645796,0.943302438,0.129480841,0.124682525,0.176445103,0.621497929,0.310560296,0.698360351,0.162875603,2
58,0.337743268,0.243050451,0.778113613,0.236778694,0.081196995,0.011414151,0.278411385,0.078086555,0.131409434,0.390859581,0.056255819,0.255389431,0.532060698,0.125402585,2
59,0.370525196,0.302312314,0.037379792,0.373299455,0.071654671,0.259490536,0.849367628,0.191484635,0.140343165,0.18438466,0.115912177,0.071739506,0.262097537,0.120508891,2
60,0.240752241,0.359565007,0.172884752,0.35252521,0.134046525,0.823021118,0.982121693,0.223867695,0.115982658,0.230713043,0.435071908,0.088066265,0.412164706,0.177948159,1
61,0.092498153,0.087250375,0.026112518,0.153345966,0.024958414,0.115549753,0.987530947,0.091508164,0.151137142,0.186182963,0.070163278,0.260180942,0.071520839,0.080853468,2
62,0.100469874,0.251561207,0.167697237,0.068447207,0.05312625,0.284205154,0.804115596,0.326383056,0.131138838,0.285349197,0.231579023,0.352016613,0.477888244,0.191968064,2
63,0.402328099,0.162488641,0.475208139,0.269106747,0.055301495,0.0743047,0.470545146,0.158944789,0.129389939,0.29738146,0.092205943,0.178022072,0.289917134,0.122689143,2
64,1,0.659327532,0.087764692,0.865959735,0.158052947,0.894707478,0.950410899,0.341896154,0.15711259,0.237399617,0.42700756,0.158849469,0.930566463,0.206264173,1
65,0.131360988,0.263307532,0.208326718,0.18561315,0.199466199,0.934598388,0.821781251,0.201960456,0.094481035,0.142032027,0.109442472,0.161684255,0.923453596,0.097503161,2
66,0.202233262,0.323125899,0.156558577,0.263199016,0.196879171,0.77082661,0.929882154,0.198557383,0.147949114,0.15522433,0.185493561,0.23091881,0.529466518,0.118327196,2
67,0.14859573,0.168577227,0.023085457,0.387384033,0.06535153,0.355993559,0.970340777,0.128026601,0.174298366,0.169061684,0.755912004,0.153429758,0.53135806,0.057812874,2
68,0.220687829,0.345384035,0.051848039,0.831778274,0.065681338,0.474030028,0.934477136,0.260309051,0.16977211,0.203607188,0.27622955,0.405732309,0.288495109,0.161684612,1
69,0.104669309,0.760884396,0.058274804,0.799042884,0.267257811,0.964116113,0.971331628,0.171066322,0.13003701,0.220814502,0.315856345,0.26966836,0.987127339,0.268232659,2
70,0.288537901,0.345600228,0.634217947,0.369135653,0.114061519,0.316321507,0.90068356,0.560739301,0.731369501,0.052473377,0.394206838,0.691896621,0.418880225,0.361800177,2
71,0.156989796,0.421697083,0.247098852,0.347206667,0.168157582,0.586555339,0.811402642,0.154852965,0.129340714,0.143361445,0.085695425,0.167214275,0.391866001,0.080875815,1
72,0.400930775,0.138040633,0.054221379,0.375473634,0.040399905,0.322234527,0.967486451,0.367969961,0.360881545,0.252171015,0.863728517,0.500178238,0.672957179,0.133774196,2
73,0.151125882,0.487879256,0.383905814,0.529268861,0.200615014,0.708737827,0.93722152,0.840477192,0.862137109,0.226689218,0.759827835,0.548621798,0.478337149,0.379488969,2
74,0.025682417,0.262128287,0.226409107,0.73040197,0.142971603,0.78873435,0.93530132,0.250664739,0.255454714,0.232163658,0.122286693,0.205072894,0.911808777,0.125003059,2
75,0.119363204,0.390483843,0.530058925,0.485203954,0.141216543,0.786908546,0.918080848,0.093291428,0.180403806,0.321915212,0.373867885,0.202474208,0.423100512,0.112256995,2
76,0.243598031,0.583370023,0.145461223,0.518172393,0.23665118,0.880099164,0.973855989,0.134400289,0.186743692,0.162185792,0.777014383,0.212069808,0.645330501,0.122649172,2
77,0.211093821,0.148402136,0.854465524,0.329385667,0.074331521,0.266526618,0.978349256,0.157782833,0.158204681,0.065533998,0.487025307,0.204547148,0.345075933,0.092445326,2
78,0.207791128,0.246554153,0.050594477,0.157310808,0.071128756,0.616400835,0.955441888,0.362977314,0.093405091,0.369600055,0.355488381,0.168211171,0.208770608,0.105079655,2
79,0.405841441,0.087113708,0.038400623,0.232027591,0.020665149,0.013683261,0.977468937,0.287536783,0.206854348,0.135938716,0.269558779,0.407863037,0.072903277,0.329215618,2
80,0.204108245,0.474059002,0.055518974,0.381539924,0.131361871,0.450229938,0.528289846,0.22781532,0.159191385,0.197695975,0.109141211,0.164678332,0.41427711,0.10596159,2
81,0.1579115,0.172130645,0.897444213,0.228692784,0.117349671,0.219972744,0.821137967,0.114720197,0.100799277,0.215602842,0.076730662,0.103657804,0.539515332,0.057673464,1
82,0.131126844,0.248759628,0.039338283,0.888596844,0.588252559,0.933217973,0.961036228,0.080670786,0.082978167,0.293014312,0.147049774,0.173021106,0.49989041,1,2
83,0.274792304,0.232055255,0.034852583,0.281829984,0.059665712,0.175464942,0.971512838,0.21048484,0.162233334,0.049856608,0.135495302,0.374824804,0.207954668,0.118820274,1
84,0.219489768,0.029552816,0.479445036,0.403012567,0.02331332,0.066135184,0.968438182,0.203299815,0.209674546,0.20700646,0.112273636,0.30485891,0.08056233,0.123692493,2
85,0.255544987,0.497030662,0.114235714,0.484085022,0.176915467,0.674690049,0.923896944,0.352123183,0.129895592,0.354717347,0.363421413,0.357210083,0.562190844,0.217442173,2
86,0.229706057,0.194553789,0.033845741,0.824834552,0.690004669,0.891346279,0.86937624,0.276124964,0.092334248,0.424512802,0.099935204,0.123186455,0.948120211,0.145410945,2
87,0.063085871,0.296318556,0.340707823,0.413978485,0.076018461,0.569656805,0.907092318,0.248950708,0.103032075,0.061773259,0.226841011,0.067399157,0.471659019,0.154975688,2
88,0.210229917,0.503071796,0.132115362,0.668614733,0.177605715,0.879746139,0.948106951,0.307792312,0.088737392,0.186882947,0.723697316,0.132299456,0.532562694,0.035618223,1
89,0.049316178,0.266553991,0.083855329,0.386051848,0.067596624,0.349906201,0.97361786,0.108671224,0.134294675,0.155460562,0.089408094,0.074514715,0.286678766,0.086229072,2
90,0.253494374,0.469242204,0.076314643,0.550014654,0.163575186,0.457578572,0.912818093,0.161602645,0.101957325,0.182092248,0.081279959,0.295841701,0.56886574,0.131096061,2
91,0.092225756,0.139478521,0.104962455,0.406616053,0.038448413,0.484157401,0.973546503,0.200797951,0.084067182,0.306704283,0.772017454,0.036817059,0.219934939,0.058473596,2
92,0.061914316,0.52750796,0.002199415,0.896806805,0.197558517,0.95279828,0.940347502,0.177952842,0.058765255,0.207717968,0.307301615,0.055259454,0.807365463,0.094603371,2
93,0.1702238,0.233636374,0.904930157,0.610722626,0.154326003,0.800430587,0.807463191,0.172950294,0.139730779,0.201090325,0.519327861,0.314421517,0.545523832,0.136590555,2
94,0.097238443,0.698039472,0.052092029,0.844903464,0.393674954,0.956721526,0.947193575,0.210817992,0.124164999,0.128099613,0.815267651,0.226651442,0.837343385,0.171580164,2
95,0.182181612,0.261103562,0.241284574,0.332631887,0.082677859,0.306828762,0.940103502,0.251328766,0.102662638,0.1229118,0.078821708,0.163564997,0.314532597,0.14576908,1
96,0.147929586,0.346388369,0.018098316,0.608692154,0.058386827,0.688527286,0.815557142,0.17225349,0.128477065,0.099692246,0.205095287,0.12750125,0.292225005,0.087641474,2
97,0.251352471,0.274654525,0.087890256,0.375741782,0.064342855,0.349351745,0.782569007,0.218044578,0.111092183,0.043031494,0.27789974,0.227120992,0.317842062,0.050469077,2
98,0.258631019,0.40174042,0.40907691,0.61460555,0.082452003,0.448288685,0.739097513,0.171233315,0.132529498,0.236894918,0.18646807,0.174972183,0.391311352,0.194293229,1
99,0.161136263,0.25580407,0.445192407,0.55697129,0.176559747,0.504042464,0.537195646,0.069803459,0.159333503,0.224644581,0.395303929,0.52289522,0.560567924,0.083897776,1
100,0.107099741,0.078481042,0.396009691,1,0.867527266,0.896698097,0.846191474,0.187908998,0.069040441,0.157562054,0.095585812,0.080459305,0.981629829,0.132000402,2
101,0.2026817,0.389236595,0.049033624,0.212925297,0.087795374,0.626650333,0.321720728,0.290943271,0.132334442,0.186808929,0.301560207,0.237747915,0.3315545,0.214463906,2
102,0,0.249331377,0.257424579,0.365590449,0.16071777,0.261288994,0.990696189,0.454823653,0.704852289,0.129123502,0.506957843,0.661118089,0.263140735,0.456636918,2
103,0.4904064,0.371142548,0.813647246,0.23507765,0.050919179,0.36206895,0.704199459,0.211486716,0.108345542,0.390474226,0.113375934,0.272157138,0.319754533,0.133514011,1
104,0.044328675,0.281465464,0.08943547,0.885327524,0.670565033,0.872960599,0.466897258,0.1385011,0.22491619,0.33658465,0.244282237,0.22915751,0.357830276,0.113665593,2
105,0.279964568,0.438076368,0.082683327,0.464679162,0.087681144,0.631979678,0.857104373,0.24026051,0.211857576,0.26872028,0.349990176,0.345237222,0.436358663,0.137669542,2
106,0.202403842,0.366161008,0.194704549,0.415713725,0.152605492,0.512301191,0.841534007,0.319207546,0.196323679,0.286795787,0.259513418,0.347216446,0.597697115,0.249224716,2
107,0.282140907,0.249942641,0.508467841,0.351301361,0.047232414,0.077641908,0.884569457,0.201969402,0.102589473,0.177995414,0.401591885,0.452917485,0.310002722,0.145401965,2
108,0.197458633,0.47010543,0.265658557,0.650594457,0.213462201,0.682288348,0.982897176,0.170016583,0.128166021,0.140667351,0.261774667,0.158519035,0.69073313,0.150534415,2
109,0.17638511,0.372295621,0.105147904,0.991659088,0.914280581,0.838156612,0.970294656,0.650988013,0.487091109,0.446159472,0.713466988,0.997956462,1,0.245117742,2
110,0.386268798,0.536197998,0.279832597,0.669956702,0.168764968,0.555594846,0.880468314,0.616082492,0.427927338,0.483578132,0.567636087,0.846383919,0.745811976,0.467477584,2
111,0.242090122,0.818571042,0.236090478,0.357487122,0.20121824,0.782917464,0.991252145,0.615299701,0.548878546,0.167220193,0.709584279,0.627068178,0.450951249,0.339952226,1
112,0.474435098,0.172908561,0.234112263,0.710018411,0.75750046,0.884576402,0.831111619,0.563872252,0.166640154,0.471657192,0.06962676,0.308170325,0.93044796,0.581853025,2
113,0.131638494,0.039627135,0.035115838,0.960306717,0.954227106,0.977094996,0.967892924,0.195579875,0.109765098,0.858930007,0.642026547,0.425296037,0.842333588,0.333882444,2
114,0.262604885,0.132182641,0.436519594,0.343648497,0.057081483,0.324357094,0.97737299,0.186074455,0.094770655,0.262678004,0.070117977,0.31018341,0.458187267,0.184903645,1
115,0.215758661,0.352350064,0.048207193,0.276127022,0.074733435,0.389610435,0.908196089,0.369453398,0.151111325,0.121052582,0.23257908,0.220078612,0.270349645,0.123624347,1
116,0.421309207,0.112658156,0.03805075,0.193087075,0.012082608,0.05078894,0.418218773,0.171577487,0.11398128,0.524640846,0.62777117,0.104656329,0.16384078,0.109302901,2
117,0.426910257,0.449621063,0.03519886,0.469980742,0.142036017,0.508621616,0.917724088,0.287934736,0.141481172,0.460962828,0.113379136,0.157086935,0.571687967,0.208298256,2
118,0.351240337,0.695171029,0.271975281,0.776940353,0.314006797,0.852384572,0.976327765,0.492696597,0.559323422,0.256836604,0.709407546,0.817318664,0.614014999,0.308972141,2
119,0.195908109,0.652306022,0.68996325,0.727053594,0.151700577,0.721672046,0.988791993,0.937715309,0.539435175,0.252391101,0.706337778,0.782489016,0.651722465,0.802621642,1
120,0.121851952,0.400770337,0.057132139,0.333632119,0.09643876,0.60094009,0.973309718,0.270942064,0.124945665,0.097528529,0.250595215,0.171187273,0.344164328,0.114062536,1
121,0.218558571,0.217907765,0.02627244,0.434850854,0.076148082,0.497800138,0.938424465,0.396286064,0.132872659,0.296986552,0.602431035,0.440687138,0.377083799,0.141409552,2
122,0.014645455,0.337678626,0.928475986,0.317895883,0.141838266,0.791924853,0.994138521,0.748156856,0.555823889,0.07292816,0.729474558,0.18030977,0.321171996,0.47347851,2
123,0.340601364,0.196668105,0.800686153,0.180364634,0.042426453,0.069023055,0.889740553,0.571657663,0.11180398,0.350725626,0.030827687,0.113997577,0.144394863,0.159362286,2
124,0.389927528,0.420188454,0.109482059,0.332509336,0.056920089,0.652330842,0.78908216,0.335307508,0.150335186,0.256947329,0.145626829,0.232826275,0.423282763,0.123976886,1
125,0.390285514,0.42033666,0.01391799,0.365852539,0.055999248,0.344992392,0.8828435,0.178360636,0.106786201,0.291435671,0.257651602,0.116315708,0.329495546,0.115148119,2
126,0.154292264,0.133312851,0.244831748,0.407570519,0.073593369,0.593053675,0.582850651,0.285184792,0.115559329,0.236938649,0.147126713,0.099620097,0.549293923,0.143812624,1
127,0.230179773,0.737720214,0.300946316,0.889398941,0.209346177,0.870595308,0.957916968,0.184472987,0.128488778,0.195723623,0.758119925,0.257885649,0.746386677,0.123079385,2
128,0.224316972,0.487703934,0.073107853,0.753554917,0.482646264,0.804879673,0.935049487,0.361015224,0.111454355,0.459259508,0.840373419,0.156456888,0.339931922,0.20633696,2
129,0.173982376,0.594962936,0.030530255,0.818351608,0.485937015,0.889755404,0.927628937,0.142754163,0.091189582,0.493568703,0.273297382,0.070002835,0.601326232,0.177978474,2
130,0.167364045,0.07864027,0.065607089,0.265365921,0.025078164,0.303392568,0,0.269297429,0.109918477,0.166089945,0.054772492,0.290490239,0.212761034,0.148604726,2
131,0.158377715,0.259004011,0.047753089,0.530915371,0.05127837,0.597588252,0.711468382,0.338714423,0.038654696,0.129438159,0.16383299,0.468543419,0.547543297,0.158978779,1
132,0.348175886,0.390105899,0.243114715,0.462367967,0.200727576,0.705155107,0.784841616,0.237526547,0.089259968,0.285904068,0.092630914,0.081092128,0.353042348,0.139630256,2
133,0.097384913,0.532711866,0.277556654,0.862991057,0.21350914,0.923586269,0.899355174,0.142521841,0.074138642,0.214760188,0.415246822,0.226368003,0.86720288,0.155136922,1
134,0.140242346,0.506222903,0.004105537,0.834252225,0.619243146,0.967114547,0.946569928,0.147622678,0.051892253,0.609742629,0.34939293,0.11414795,0.930265653,0.13006805,2
135,0.289789041,0.367798029,0.618482961,0.511936666,0.113365492,0.640127838,0.712835231,0.148135023,0.124272693,0.252433593,0.204241913,0.184828814,0.40517205,0.278338617,2
136,0.231415283,0.185388115,0.03293294,0.158535691,0.020014419,0.082349788,0.96152291,0.143014849,0.162789191,0.298581855,0.34212928,0.144228586,0.364731762,0.170487856,2
137,0.166749587,0.151578111,0.457753281,0,0.013844917,0.914147037,0.9831325,0.076059298,0.140216429,0.35205606,0.158087666,0.168076893,0.984710174,0.135477017,2
138,0.211017425,0.276317672,0.454915161,0.536537424,0.057789207,0.355769153,0.553074937,0.166641935,0.092575909,0.399583362,0.114246765,0.240993032,0.507302554,0.13715649,2
139,0.275573272,0.651527632,0.119493896,0.877107502,0.218705638,0.94858878,0.966855432,0.227752329,0.133186184,0.080976187,0.523174108,0.297387305,0.929033498,0.134171965,2
140,0.208837756,0.512319232,0.043295873,0.54540564,0.120040376,0.572521929,0.872412232,0.373469971,0.098267297,0.164437849,0.080749589,0.066653857,0.629165529,0.265597473,2
141,0.046097913,0.117899582,0.796328274,0.265585051,0.128020792,0.361232719,0.630615613,0.22675271,0.111428792,0.13928907,0.306305086,0.01843158,0.473422813,0.292822855,2
142,0.427194619,0.462446481,0.098616794,0.376332153,0.116248643,0.618460271,0.735621404,0.309397644,0.078046762,0.222163645,0.360830552,0.386893419,0.693243349,0.098235077,1
143,0.162288435,0.442765449,0.067157092,0.93107869,0.387128712,0.956180755,0.930395845,0.17908924,0.104690744,0.358259254,0.28668502,0.182269062,0.716199046,0.133450379,1
144,0.291075389,0.204946895,0.58769268,0.453523182,0.090354072,0.54795305,0.925756981,0.347659188,0.100223725,0.261496283,0.0876721,0.161107049,0.498563484,0.168189796,1
145,0.259862487,0.536643261,0.225813688,0.418234147,0.062448267,0.651197591,0.820189426,0.129732194,0.27830216,0,0.560473088,0.383545617,0.531270309,0.255343055,2
146,0.243144634,0.302321481,0.100879303,0.251882906,0.056862317,0.585373042,0.946525742,0.326327914,0.190138248,0.06552675,0.190193888,0.159926832,0.470555045,0.122511542,2
147,0.354293669,0.171327315,0.517583798,0.125899874,0.053994312,0.134761923,0.936313525,0.22494462,0.125007121,0.17090383,0.137978415,0.203719787,0.136579706,0.079583059,2
148,0.138830499,0.113605779,0.045897932,0.532840871,0.045515498,0.376864843,0.936257004,0.319386658,0.019579553,0.280065871,0.452773727,0.175805054,0.372734285,0.182512358,2
149,0.297517151,0.388748225,0.033690812,0.268379681,0.107061891,0.78690251,0.9271197,0.303205568,0.080860011,0.291059339,0.265351016,0.389015785,0.288485862,0.082159358,1
150,0.133046795,0.453318512,0.149052321,0.492740688,0.118819671,0.491981744,0.820973834,0.203582094,0.129849941,0.081881253,0.199846013,0.222580627,0.472480607,0.099222141,2
151,0.228285999,0.419420358,0.143962826,0.367751872,0.146766147,0.587987862,0.66556851,0.307682393,0.122445119,0.163020773,0.136492582,0.342911332,0.404065821,0.147313122,1
152,0.097845194,0.0576819,0.027884755,0.042207757,0.050115389,0.295652612,0.917186567,0.421118292,0.089549959,0.098777036,0.050478823,0.159079699,0.170935851,0.23189463,1
153,0.166661817,0.525953322,0.058759622,0.756916556,0.195457188,0.736583747,0.725520072,0.118706474,0.206993154,0.12924105,0.333172306,0.342844179,0.652620525,0.136599151,2
154,0.139133805,0.266728672,0.045044227,0.340974782,0.173846907,0.719893225,0.791614792,0.351431137,0.10977373,0.749677125,0.823514927,0.437272958,0.660765328,0.173431387,2
155,0.267429951,0.069746278,0.088021404,0.224851093,0.013718311,0.311980162,0.796103455,0.200963398,0.146953549,0.26876711,0.147392974,0.256658886,0.465284021,0.220064865,2
156,0.110296369,0.217975521,0.159804896,0.690660126,0.094994119,0.683312174,0.698269922,0.167911817,0.132290938,0.107882197,0.216346893,0.160311406,0.372723356,0.105942733,1
157,0.343142267,0.462319408,0.023560928,0.888623225,0.588282557,0.950332381,0.968138081,0.139493461,0.158382581,0.406632106,0.270941027,0.409721382,0.947185221,0.1238078,2
158,0.115903378,0.363699063,0,0.955982641,0.737227266,0.966289215,0.945973424,0.182389998,0.106667237,0.197252009,0.907432857,0.129891553,0.977974072,0.157545891,2
159,0.526880189,0.187354716,0.079179138,0.010912647,0.02854484,0.301068187,0.957957435,0.381011917,0.218087823,0.480328449,0.086508947,0.748847957,0.09114414,0.224242254,2
160,0.120469655,0.022150332,0.95911884,0.21298498,0.016898371,0.167871414,0.968831757,0.303822464,0.189198967,0.178252756,0.083152914,0.584968402,0.128782025,0.190157649,1
161,0.086424292,0.085069285,0.874964737,0.19884015,0.086559425,0.363890371,0.415289189,0.416089535,0.172000491,0.125471649,0.22487277,0.313056874,0.21382194,0.391902677,2
162,0.132084006,0.481508641,0.017080764,0.440397607,0.09111753,0.306501701,0.960272094,0.158797844,0.109824331,0.116031291,0.274402745,0.231114659,0.360747351,0.12621143,2
163,0.093717649,0.671810856,0.141217855,0.807797281,0.306087582,0.914767777,0.914963955,0.131352084,0.162964497,0.161141385,0.597338009,0.270441226,0.758521217,0.189820675,2
164,0.235321561,0.09735329,0.57391085,0.551667422,0.047225026,0.326255377,0.949078055,0.005304429,0.120541794,0.207869876,0.743819446,0.343737837,0.587833745,0.291389188,2
165,0.251442721,0.350162024,0.559455152,0.680877967,0.137761008,0.382855919,0.945480982,0.241508249,0.194002126,0.596997779,0.284303684,0.535139398,0.475256754,0.371578212,2
166,0.120031217,0.451510515,0.893646236,0.44553237,0.119787361,0.722208373,0.913994462,0.244313173,0.233795645,0.231756134,0.626383857,0.384315982,0.600662333,0.376001256,2
167,0.153581171,0.426066109,0.174938003,0.427766819,0.139816518,0.669683656,0.663470262,0.19532905,0.142732291,0.180088322,0.172099903,0.166292719,0.45446176,0.234101801,1
168,0.359410051,0.194830739,0.033968376,0.322605632,0.037466922,0.161992969,0.859909951,0.179739868,0.202271222,0.247538115,0.205103585,0.20177132,0.503535431,0.151123663,2
169,0.135244703,0.58595222,0.055305015,0.798416068,0.447296694,0.96571532,0.947550335,0.27593345,0.104813433,0.395858919,0.570769659,0.086624049,0.650848008,0.114142222,1
170,0.224898516,0.62199575,0.01241391,0.823593282,0.517296191,0.945389129,0.943273524,0.170758443,0.060096154,0.470318466,0.532918372,0.155020345,0.764296733,0.220741419,2
171,0.244249488,0.349521473,0.052123604,0.444994241,0.040707943,0.549884177,0.662737609,0.252721031,0.120783619,0.045977374,0.250486228,0.226883368,0.443938167,0.281191433,1
172,0.094053168,0.420864143,0.407919715,0.516717527,0.143790992,0.860844314,0.953681531,0.253472428,0.192193201,0.43926806,0.195752676,0.10109069,0.930446856,0.263521558,2
173,0.287068418,0.266294311,0.056079312,0.341008355,0.084187446,0.215956641,0.160077236,0.186703063,0.159794286,0.336950322,0.56344176,0.436043449,0.328626607,0.129721036,2
174,0.184116908,0.380515597,0.151284223,0.937406877,0.898759731,0.906260273,0.893540065,0.089227419,0.110907823,0.25410602,0.742216725,0.175036404,0.97827254,0.131239718,2
175,0.148438154,0.225406433,0.015271869,0.180643589,0.069291424,0.389674819,0.940061309,0.324606706,0.118771892,0.265872878,0.094001495,0.302714945,0.481405206,0.14081721,2
176,0.242646989,0.463180604,0.806699694,0.317920693,0.12421339,0.561045628,0.842431244,0.176434026,0.091873141,0.18662571,0.083734559,0.098686515,0.370046115,0.178923007,2
177,0.195774386,0.216561059,0.001237602,0.151666302,0.011106921,0.311408377,0.192963565,0.270467539,0.05186404,0.074210797,0.060902407,0.078306723,0.304644183,0.083909432,1
178,0.250717551,0.268399136,0.093477023,0.136083665,0.073931095,0.614164636,0.8788812,0.280188526,0.102864187,0.329180574,0.24336277,0.152749007,0.389366441,0.127627775,2
179,0.121193287,0.119980876,0.027581723,0.592114844,0.063506103,0.583210733,0.700527687,0.50904041,0.128962564,0.325531534,0.77381306,0.198841834,0.449093102,0.151429089,2
180,0.147910653,0.295898774,0.22976971,0.209707376,0.038990121,0.257292573,0.91549686,0.356255103,0.107498677,0.138294215,0.207012977,0.201911999,0.624466538,0.10129032,2
181,0.054297361,0.235626561,0.128434451,0.700807769,0.729445322,0.915191719,0.867181635,0.14292935,0.092564567,0.344815401,0.30725297,0.253354406,0.965328045,0.105303032,2
182,0.083520079,0.047035512,0.003210729,0.481164282,0.018394379,0.058485676,0.976000402,0.178089417,0.095771152,0.170540664,0.189153335,0.182647599,0.198083327,0.082534396,2
183,0.191073454,0.228588009,0.017373561,0.181916856,0.058482087,0.838089998,0.934590645,0.353279262,0.055330077,0.379475668,0.083872517,0.055456723,0.866227277,0.170964869,2
184,0.350753273,0.488189522,0.112482997,0.098364236,0.097597111,0.727859371,0.949461551,0.387146146,0.218780258,0.261221311,0.352613862,0.26840642,0.46790717,0.114960571,2
185,0.038491411,0.39880101,0.058223174,0.478659877,0.149758966,0.958115551,0.777608778,0.315828263,0.136044789,0.190485366,0.385828652,0.135005195,0.66697831,0.110829284,2
186,0.246250261,0.239647143,0.026546587,0.219210399,0.075477132,0.468139853,0.929045265,0.53012397,0.12979216,0.378966916,0.292214007,0.13515295,0.266520133,0.073825868,2
187,0.140000904,0.621505826,0.026004688,0.808160949,0.446237911,0.974143381,0.980232699,0.241457418,0.09225621,0.31383882,0.588112927,0.151820392,0.836398034,0.110118156,2
188,0.024077993,0.255665478,0.001351359,0.342435021,0.098369118,0.324357571,0.991667712,0.146220247,0.078238291,0.215023302,0.029564517,0.126547912,0.281481932,0.121929925,2
189,0.225888768,0.598049731,0.101466842,0.497543925,0.200605334,0.777674087,0.954847416,0.263297885,0.123939236,0.300551192,0.41613176,0.225433885,0.527757504,0.128885319,2
190,0.165512528,0.150466749,0.047022125,0.522840495,0.085677346,0.220284497,0.864574421,0.167391746,0.190068278,0.080350819,0.256815345,0.1938945,0.590477482,0.153472536,2
191,0.075426591,0.601027597,0.161539915,0.562719908,0.183059258,0.8787211,0.632740459,0.259719361,0.198061668,0.072191622,0.474347427,0.446600976,0.643557064,0.171375352,2
192,0.109577429,0.047222411,0.045029808,0.253247531,0.021898206,0.230806937,0.980209309,0.18788895,0.143620382,0.418264818,0.097689516,0.236200423,0.353984553,0.147625492,1
193,0.179430082,0.186429257,0.016992327,0.193406205,0.047161426,0.692679123,0.878577774,0.32723266,0.075570864,0.240061287,0.006239665,0.092241409,0.284412556,0.228815772,2
194,0.122496404,0.277714742,0.360482549,0.38890405,0.06159511,0.642565675,0.951696753,0.20181894,0.033206128,0.19292899,0.805995091,0.105113145,0.26966386,0.223611045,1
195,0.179445463,0.371153709,0.045400698,0.958377132,0.424166057,0.940237778,0.953419425,0.155100963,0.045326297,0.223510769,0.129918607,0.120591602,0.734532084,0.062114563,2
196,0.193064404,0.234897151,0.031157671,0.329762169,0.129759686,0.457061672,0.928242934,0.418399214,0.161651744,0.163355893,0.237436987,0.323695503,0.315248117,0.061049604,2
197,0.210547229,0.460496783,0.074738282,0.522929885,0.136857055,0.41431273,0.396312124,0.118380804,0.094884007,0.146970192,0.089366338,0.129590921,0.424084114,0.062736732,2
198,0.237990649,0.291781356,0.04726329,0.33506587,0.077484613,0.703595703,0.940738229,0.225449258,0.102580309,0.088197378,0.482224946,0.167198356,0.599119034,0.163099516,2
199,0.309334547,0.147697589,0.012321756,0.094843496,0.011517353,0.098586103,0.635615997,0.252924744,0.102250012,0.266934455,0.119975095,0.261477918,0.088247003,0.225749954,2
200,0.101455162,0.483072572,0.166706131,0.734189266,0.155713001,0.732889004,0.981710983,1,1,0.131355792,1,0.690661481,0.310555873,0.466457204,2
201,0.221265708,0.319267378,0.065082359,0.870186453,0.697548734,0.976382454,0.937247332,0.261853588,0.054276241,0.245521203,0.42982139,0.135959035,0.668619886,0.108047092,2
202,0.126898476,0.358210264,0.019748581,0.404648356,0.16065737,0.802721772,0.444237879,0.296006818,0.115279063,0.189945575,0.473963379,0.172557825,0.666142536,0.131087383,2
203,0.306667957,0.189489186,0.010299151,0.302423899,0.019279157,0.119780487,0.352297955,0.24036014,0.108790207,0.337697861,0.101106059,0.18050067,0.169269716,0.143402664,2
204,0.036499694,0.083037213,0.056876454,0.162368677,0.009274746,0.442842493,0.932979791,0.228420117,0.156459384,0.14617104,0.202829348,0.151356332,0.367427077,0.087319599,1
205,0.219091097,0.290099505,0.381371266,0.367207782,0.114334489,0.423716543,0.981053112,0.13121313,0.100289366,0.246321741,0.061236829,0.108414422,0.276439431,0.13806111,2
206,0.060819684,0.160015255,0.134854919,0.389270103,0.036670214,0.527631249,0.947186816,0.315454059,0.25665306,0.13498973,0.282316616,0.12586339,0.466887374,0.175790079,2
207,0.130619114,0.241707407,0.35280568,0.459996686,0.108471009,0.246892719,0.312456835,0.16384118,0.151440871,0.131503015,0.193348995,0.361296182,0.33525222,0.142794373,2
208,0.164268157,0.166997016,0.004850831,0.955196572,0.86711057,0.982462762,0.950374818,0.212959519,0.083608842,0.209588033,0.387527553,0.176054832,0.9851896,0.078074719,2
209,0.002636215,0.519138227,0.039089722,0.795502761,0.295720381,0.96681991,0.913526681,0.119121689,0.052164119,0.22049605,0.709998133,0.055707878,0.895696611,0.077654161,2
210,0.114667376,0.533724651,0.537434362,0.621260889,0.129656827,0.889886235,0.753720032,0.095753745,0.055832401,0.088224734,0.899840958,0.094703561,0.480079772,0.181830732,2
211,0.140423529,0.116982498,0.047532588,0.927104623,0.637218699,0.85523962,0.962883099,0.205891936,0.094846637,0.222395574,0.454802532,0.076450083,0.934063776,0.134245416,1
212,0.097660323,0.131509677,0.015418492,0.358319124,0.06047835,0.348487335,0.934422942,0.185272694,0.090113128,0.188415713,0.033019313,0.149378523,0.303217234,0.079082198,2
213,0.154949537,0.143855008,0.077051157,0.909300991,0.742307584,0.847819573,0.951250268,0.309015469,0.068798274,0.12507255,0.101959762,0.170186853,0.919368123,0.134388397,2
214,0.30650919,0.313911225,0.056681951,0.305993557,0.062546977,0.170813998,0.268972599,0.172141376,0.07499565,0.170628197,0.053978383,0.073071084,0.53402487,0.171590482,2
215,0.130648879,0.594759667,0.252952964,0.680790139,0.245692569,0.892312151,0.943490043,0.288068281,0.149080143,0.206133617,0.491945349,0.082941743,0.73380091,0.111068413,2
216,0.146179164,0.468750879,0.032269673,0.429743973,0.146352981,0.721311068,0.554618833,0.131192635,0.122928419,0.065863186,0.293417573,0.181277708,0.434608824,0.130602076,2
217,0.183567882,0.323745269,0.068125735,0.349722249,0.091487152,0.550752879,0.942899374,0.250090196,0.066713564,0.285644498,0.067161391,0.044942005,0.307151786,0.088611693,1
218,0.061682152,0.483125481,0.008830846,0.890095136,0.510052428,0.924575899,0.92138465,0.281348652,0.078100312,1,0.093552557,0,0.956000246,0.083403232,1
219,0.201273537,0.380200923,0.316929044,0.317423717,0.121237741,0.711228976,0.928817118,0.50071063,0.107491298,0.301849446,0.222350201,0.247307657,0.47487101,0.220026906,2
220,0.171898902,0.304764739,0.108950291,0.056407913,0.128682547,0.713368199,0.48339395,0.151582238,0.107054725,0.177037022,0.247363299,0.150274622,0.416168866,0.140701321,1
221,0.047021651,0.140972137,0.451441459,0.12524116,0.03005472,0.242022191,0.935172876,0.129939649,0.082282947,0.158154684,0.793586861,0.092162677,0.125256216,0.111076823,2
222,0.403765967,0.12792702,0.223672914,0.512275843,0.064831964,0.712579381,0.927774179,0.2474214,0.120479637,0.176855384,0.634790303,0.227592603,0.236550672,0.214936149,2
223,0.048025667,0.338172109,0.008559316,0.894693609,0.476816074,0.95442488,0.950003084,0.207755595,0.092623551,0.240985166,0.187448829,0.091656793,0.775428019,0.105950062,1
224,0.245742944,0.067090928,0.071675715,0.667987502,0.020856856,0.434918465,0.949427404,0.186867921,0.156538743,0.244573749,0.926248399,0.290820918,0.380339662,0,2
225,0.110947358,0.428953982,0.309311167,0.620375944,0.190972742,0.64569103,0.96283523,0.023149795,0.065997771,0.161311215,0.320918305,0.142706219,0.541341679,0.071410221,2
226,0.116562294,0.148030822,0.041059656,0.467922903,0.055428762,0.447322646,0.932720415,0.289112632,0.127723224,0.224371093,0.753707568,0.280361139,0.326503118,0.063226041,2
227,0.254604951,0.154886962,0.047376114,0.767633798,0.017459467,0.274307756,0.967935499,0.358545181,0.190806845,0.578520451,0.123665408,0.337228156,0.168177087,0.174413064,2
228,0.267045882,0.466709205,0.154233083,0.492035878,0.141106617,0.543484676,0.590676639,0.108688812,0.144743492,0.184315892,0.179399583,0.138725917,0.415090726,0.154215143,2
229,0.330587064,0.105779801,0.760516764,0.422620303,0.006492643,0,0.947684629,0.107318425,0.115724454,0.152657414,0.290960614,0.073530579,0.059115394,0.142118319,2
230,0.303898334,0.418192554,0.105771014,0.615137902,0.12518867,0.706397634,0.853774907,0.564781391,0.207864777,0.56976178,0.443842044,0.396632956,0.605983174,0.343791745,2
231,0.315163535,0.387867554,0.063326988,0.394339062,0.145334339,0.43568364,0.974726481,0.106026766,0.156090339,0.136846135,0.162426145,0.212131723,0.347792844,0.115367018,2
232,0.207529198,0.348067118,0.10149008,0.477012023,0.150100598,0.492971573,0.887293711,0.337192232,0.215108309,0.587813057,0.17494933,0.15714105,0.394187268,0.135461626,2
233,0.085065289,0.102638957,0.56250922,0.885967705,0.815881919,0.853033793,0.714971349,0.172908795,0.038050437,0.365305784,0.608237096,0.014679476,0.946056427,0.111991087,2
234,0.156222932,0.20392283,0.301036375,0.815688709,0.335486329,0.695200166,0.764655184,0.1283259,0.092334645,0.269088563,0.178442422,0.124002665,0.572587849,0.069844298,1
235,0.135127834,0.368207142,0.359974133,0.593329023,0.163222425,0.748480036,0.761432473,0.170886214,0.075116853,0.339192673,0.150334994,0.128625695,0.593123039,0.066595504,2
236,0.244407861,0.369742293,0.010380895,0.217587912,0.094712473,0.435931388,0.518977986,0.221354405,0.082366896,0.304796997,0.098530007,0.05831949,0.360966767,0.114021692,2
237,0.196232113,0.092976633,0.157069027,0.369978436,0.340370025,0.55531618,0.96438467,0.278700941,0.052456085,0.185321629,0.222951124,0.375776552,0.446479679,0.208321778,2
238,0.256578805,0.349724691,0.150840103,0.81740574,0.366467417,0.720542155,0.909542401,0.324385262,0.207811776,0.475037033,0.179590357,0.512109335,0.872623631,0.157286672,2
239,0.0631453,0.514963564,0.011492963,0.92563352,0.406025419,0.955280442,0.965533782,0.118116072,0.081678553,0.15806704,0.256112539,0.080746832,0.977558997,0.093740443,2
240,0.00722269,0.23514394,0.086876286,0.631402128,0.097882569,0.59498798,0.940200438,0.211919255,0.069378421,0.291083276,0.151745219,0.072711401,0.306804013,0.174332855,2
241,0.191738043,0.218178106,0.069264467,0.334590879,0.095742507,0.470932308,0.844187573,0.373825977,0.124017506,0.145443909,0.192631307,0.176754498,0.231524341,0.19254013,2
242,0.118257331,0.178393291,0.892659049,0.176706946,0.038807927,0.861197532,0.289261912,0.194318838,0.111332675,0.257761722,0.826963944,0.087469581,0.388288845,0.291246846,2
243,0.026809551,0.057045873,0.037230666,0.319503301,0.016712314,0.212757565,0.585569317,0.342830362,0.107479944,0.282825817,0.645929927,0.123120403,0.543749085,0.101816378,2
244,0.1062433,0.017309096,0.879393706,0.507373263,0,0.055958014,0.950897573,0.091074405,0.04645601,0.139661161,0.059849231,0.022060923,0,0.045510192,1
245,0.185083313,0.366332374,0.212487684,0.5067766,0.122421597,0.800297701,0.693290941,0.248571807,0.137515055,0.163137152,0.177818589,0.110217256,0.424089132,0.083347626,1
246,0.196238301,0.250314751,0.067247687,0.93676112,0.472664212,0.951463565,0.881572612,0.235921134,0.110936884,0.1347962,0.465757661,0.105096967,0.945199298,0.160210451,2
247,0.180217953,0.209727885,0.04759561,0.381888944,0.05105111,0.340956234,0.952042963,0.220756764,0.19891349,0.249350119,0.305364583,0.414601195,0.263312601,0.183234014,1
248,0.239286051,0.111420069,0.060716552,0.268297533,0.024548163,0.013992915,0.971258607,0.187791434,0.100564654,0.117619291,0.051766298,0.243700593,0.301829684,0.138326867,1
249,0.410387579,0.334846434,0.181855237,0.397298542,0.180062889,0.517505717,0.878967313,0.318409466,0.188308928,0.203233203,0.256378664,0.50840461,0.392000947,0.211415852,1
250,0.207318105,0.15218872,0.358748016,0.301148614,0.067881252,0.249542106,0.934189841,0.17474106,0.177919993,0.142069966,0.078322263,0.278881685,0.254575855,0.18082936,1
251,0.293861887,0.389840436,0.126281728,0.044882952,0.101288922,0.539034461,0.696673635,0.482330756,0.165433914,0.752100815,0.185732353,0.240990305,0.369632606,0.126334088,2
252,0.471547223,0.157549255,0.209251198,0.190155061,0.09362036,0.435216411,0.596755041,0.40593977,0.40394912,0.695780879,0.746933612,0.696010496,0.407324145,0.409287508,2
253,0.348688757,0.363501743,0.70869817,0.926237856,0.477439447,0.757790578,0.887015047,0.455045544,0.321867203,0.391046907,0.353294669,0.627011233,0.900459424,0.187001734,2
254,0.090610773,0.344117236,0.052767765,0.796073504,0.542739012,0.873902975,0.798383023,0.322959488,0.151019153,0.574746692,0.261936952,0.645743908,0.91166675,0.151199278,2
255,0.307441333,0.167347986,0.069168449,0.265333466,0.125942695,0.450895661,0.676960537,0.634636352,0.378726712,0.393039457,0.330415394,0.604320091,0.369261679,0.220989878,2
256,0.395319478,0.505774176,0.432069894,0.59732399,0.133014388,0.652638207,0.893878159,0.593612197,0.312533071,0.57172318,0.532258872,0.668202811,0.548951556,0.370379159,1
257,0.24199683,0.156242731,0.005611659,0.3733829,0.053499827,0.330787305,0.970203101,0.058816839,0.109864911,0.206440713,0.267997247,0.109383986,0.492531235,0.107815652,2
258,0.541102276,0.071728952,0.030015392,0.131560397,0.011268042,0.248127905,0.943217112,0.295791433,0.211386861,0.411495647,0.563355093,0.493378168,0.107931077,0.145378699,2
259,0.170504487,0.039441388,0.020530629,0.921683179,0.899553277,0.946446242,0.461438961,0.263876534,0.07986378,0.268194331,0.283990282,0.368330982,0.949498251,0.553167441,1
260,0.222378924,0.171701852,0.015966925,0.132788005,0.055596731,1,0.866550627,0.097900009,0.071360188,0.144702205,0.012764704,0.085483844,0.94216695,0.071467421,1
261,0.149777412,0.433726533,0.065245264,0.278516045,0.151417109,0.622680152,0.772202125,0.126269567,0.062831649,0.299683515,0.589461158,0.069414341,0.641713042,0.111580871,2
262,0.067006305,0.405087906,0.035903565,0.842150063,0.492919669,0.981994945,0.968983697,0.151288491,0.155702746,0.112191876,0.648292262,0.374895535,0.923661991,0.309651616,2
263,0.073032119,0.204129822,0.050320838,0.901612025,0.125308528,0.549506444,0.933769057,0.248732843,0.048006516,0.162714979,0.201379516,0.078726033,0.862535924,0.08731134,2
264,0.052777982,0.068015692,0.023402888,0.326660054,0.031433271,0.246070163,0.978149001,0.240749695,0.095816162,0.151470923,0,0.046000576,0.117339961,0.117683168,1
265,0.103604482,0.320433323,0.035901607,0.171697888,0.094326932,0.67314491,0.73156981,0.310852412,0.080540499,0.142184548,0.248315062,0.126306685,0.422383478,0.093308683,2
266,0.212912114,0.153415043,0.031538582,0.122949628,0.021968723,0.186461041,0.872783299,0.396555778,0.108467885,0.112023974,0.098522768,0.115885893,0.083081995,0.146507627,2
267,0.089281813,0.434628652,0.013394006,0.880184852,0.568718556,0.90013512,0.978162045,0.095299653,0.095043672,0.36555271,0.221504469,0.119297933,0.325191598,0.107759046,2
268,0.11340687,0.260184527,0.458474904,0.51491495,0.084381985,0.928009982,0.955555582,0.223199866,0.114001806,0.171022624,0.200737117,0.090827321,0.869169886,0.133701676,2
269,0.127402171,0.244718322,0.097855337,0.461870133,0.073403121,0.632353421,0.698526653,0.179759814,0.13391517,0.226787118,0.050244523,0.149124784,0.463287084,0.122693576,2
270,0.236577816,0.16523599,0.02310021,0.154589845,0.008501405,0.053159845,0.984575607,0.144548081,0.060170665,0.149828776,0.059605798,0.144683217,0.108315651,0.133117709,2
271,0.184102181,0.433928952,0.028477129,0.292955854,0.188302855,0.875194151,0.931635568,0.284730334,0.136911678,0.248256557,0.218639164,0.158235067,0.955888326,0.053357991,2
272,0.135768262,0.233652253,0.781622185,0.380065057,0.099441852,0.950761726,0.970027098,0.163920844,0.126758004,0.365058503,0.319550282,0.150494966,0.9554513,0.066538735,2
273,0.177163533,0.298880748,0.060325891,0.274313186,0.050100412,0.449029461,0.899395391,0.288493561,0.09546995,0.17245013,0.058646508,0.155523527,0.377753931,0.090411987,2
274,0.133700943,0.338066691,0.198348027,0.578587496,0.178527086,0.792730423,0.833921235,0.223029783,0.152223415,0.16959539,0.231412271,0.23851797,0.528668143,0.125510493,2
275,0.336648698,0.255204088,0.078464622,0.364127455,0.061232467,0.475228164,0.735399097,0.355921788,0.175633995,0.564042238,0.418594399,0.116734188,0.249308985,0.093200182,2
276,0.106384525,0.332115113,0.087326079,0.447552917,0.045754532,0.505638642,0.484736961,0.060608276,0.046575142,0.253646507,0.205468896,0.037340277,0.447424792,0.073658352,1
277,0.250293053,0.389738508,0.02397754,0.423842657,0.080769385,0.503871034,0.8017627,0.156950857,0.176640563,0.11464609,0.273538158,0.074006234,0.390445661,0.030949966,2
278,0.194685401,0.389826289,0.127492246,0.148107775,0.200140166,0.797616866,0.814303978,0.05615766,0.112921027,0.098775427,0.137611279,0.092284993,0.436351247,0.093546579,1
279,0.055599133,0.382902914,0.153015295,0.592670736,0.227706427,0.708910675,0.902054156,0.14405491,0.128472572,0.273382472,0.391876864,0.07491709,0.549770825,0.126790441,1
280,0.265001915,0.41245642,0.372569117,0.707933849,0.197244067,0.658764137,0.959433235,0.100435564,0.180543781,0.251109035,0.199699149,0.111332511,0.641229911,0.104118894,2
281,0.157030533,0.429901052,0.156432617,0.542959636,0.340674172,0.55434894,0.657389183,0.202246822,0.143527501,0.25217018,0.215670056,0.08692683,0.446816363,0.111645679,2
282,0.076501985,0.034438954,0.971707594,0.733344158,0.852138788,0.950782684,0.92492,0.308443489,0.090806854,0.051626901,0.404986953,0.110504505,0.918272941,0.143001255,2
283,0.178096684,0.1858062,0.721106023,0.215430496,0.079475368,0.390157145,0.95545912,0.227814852,0.174601593,0.058245799,0.518084813,0.165130309,0.455031468,0.147286854,1
284,0.109065434,0.156063289,0.709774599,0.585369425,0.190708837,0.494744735,0.653641141,0.220408647,0.098577498,0.401816697,0.08385061,0.318794523,0.405727466,0.117789377,1
285,0.226909746,0.773593618,0.02446763,0.82588553,0.281611715,0.969460827,0.959353505,0.196305815,0.129313863,0.210356919,0.542649798,0.177726643,0.960137966,0.119145732,2
286,0.144261314,0.302516293,0.049714738,0.87123835,0.670248034,0.825944747,0.919048947,0.201238623,0.13816346,0.581303554,0.143904471,0.326666995,0.772132888,0.250206521,2
287,0.157794203,0.303006118,0.321656154,0.680320848,0.174467429,0.842143818,0.627702093,0.185330216,0.185680714,0.277549621,0.182498407,0.230897368,0.419770031,0.213767226,1
288,0.205812589,0.461043706,0.123270778,0.509008633,0.145075523,0.756857494,0.955358635,0.269447851,0.208402614,0.215402913,0.367487767,0.304274587,0.504052235,0.242935116,2
289,0.096339967,0.146326903,0.095734624,0.280899227,0.163360845,0.345261935,0.918550796,0.353581732,0.131754658,0.066379555,0.250189688,0.438301853,0.185995472,0.163012361,1
290,0.054835177,0.174582406,0.115932319,0.255015962,0.071797275,0.389566737,0.962191111,0.145960211,0.125775628,0.254712261,0.134423582,0.109040763,0.283845867,0.100396554,1
291,0.302427944,0.321482766,0.056824648,0.248043248,0.077557293,0.26379764,0.962422962,0.147639005,0.147590819,0.089004468,0.123342783,0.14975018,0.214593387,0.171090785,1
292,0.129543564,0.1877639,0.487990504,0.344434605,0.057354177,0.537972103,0.890017025,0.311501494,0.059604994,0.190171439,0.086389456,0.168128012,0.251705474,0.18453867,2
293,0.07856234,0.128855077,0.066875829,0.100886564,0.036389569,0.322306903,0.807331578,0.22744811,0.049863308,0.069581078,0.001286527,0.056453051,0.212871798,0.079961772,1
294,0.131104771,0.243292311,0.067961901,0.348637301,0.067491871,0.256309122,0.826320023,0.240843063,0.183794801,0.088928144,0.124332067,0.186800072,0.609155123,0.150969432,2
295,0.084807033,0.285361504,0.036136754,0.595074316,0.129341385,0.620014007,0.937622023,0.021254741,0.080295661,0.31669505,0.245873584,0.07225862,0.36734812,0.135381358,2
296,0.544797008,0.31309577,0.565454646,0.207699824,0.115638379,0.236983734,0.885774603,0.253846733,0.594433318,0.494200413,0.271904826,0.604320091,0.205307604,0.271232634,2
297,0.169069354,0.24542902,1,0.683796665,0.120048316,0.235538704,1,0.680915467,0.592554452,0.043613875,0.860135165,0.636249719,0.24336645,0.463364258,2
298,0.295850947,0.418850369,0.103472851,0.445257314,0.103507489,0.514465562,0.71518924,0.206425874,0.172514697,0.146041259,0.25827913,0.391331486,0.385053326,0.140746376,2
299,0.25415917,0.29143061,0.246363987,0.236664513,0.065617822,0.367711934,0.824103818,0.271162837,0.116199788,0.328130541,0.174437735,0.110283583,0.258883567,0.141071496,2
300,0.236061708,0.211917658,0.054654747,0.352498316,0.038848391,0.40772724,0.777578022,0.224639201,0.110540153,0.242600813,0.080069304,0.146838134,0.353886185,0.113621865,1
301,0.56003451,0.388109023,0.097026174,0.355132546,0.058781451,0.451052742,0.471050484,0.479493239,0.141073235,0.125429115,0.076842033,0.150063119,0.362452254,0.239478068,1
302,0.087810084,0.36555512,0.030075647,0.726861286,0.075170716,0.54560326,0.913477442,0.285774767,0.122751122,0.447957767,0.097155183,0.056383438,0.923559125,0.126157069,1
303,0.17088464,0.086591929,0.026147321,0.974647918,0.044601049,0.811055545,0.92318735,0.300627762,0.130961668,0.370387127,0.128485034,0.277589686,0.962241147,0.199014219,2
304,0.583890954,0.157583446,0.036753813,0.211896963,0.044985861,0.230289394,0.726245751,0.136833957,0.107576292,0.184671092,0.122558038,0.216034638,0.148587281,0.110582489,2
305,0.145422832,0.439428578,0.104403898,0.448499016,0.109898468,0.772414404,0.955597093,0.351947996,0.111188017,0.336332558,0.378004033,0.318203326,0.580376992,0.165470887,2
306,0.451832031,0.260934908,0.775235182,0.397212344,0.062586173,0.368246828,0.863554687,0.252874624,0.189595931,0.164755779,0.232326889,0.434171177,0.23311287,0.116197989,2
307,0.130836817,0.436199941,0.17807892,0.606159833,0.175224249,0.644020391,0.629742703,0.26065973,0.066108516,0.117599413,0.194136913,0.152474781,0.563486733,0.122841211,2
308,0.151007801,0.400475775,0.128616197,0.710011828,0.096770176,0.632830003,0.841114564,0.182975256,0.130536031,0.223538466,0.194649643,0.245447571,0.655215833,0.100518224,1
309,0.253297812,0.290821165,0.153949907,0.456031066,0.145122475,0.574349102,0.760884907,0.253158449,0.23336273,0.316790687,0.233983374,0.205496609,0.419254338,0.161886236,2
310,0.060344118,0.157940251,0.172826258,0.337778767,0.047000092,0.449549873,0.912130779,0.278953738,0.086005463,0.095347246,0.137190289,0.259285789,0.485078062,0.167091288,1
311,0.138065447,0.170153171,0.352840798,0.446444806,0.059091599,0.232593172,0.831308605,0.220526373,0.158002625,0.191279707,0.208284903,0.716845973,0.13725623,0.239981325,1
312,0.191746964,0.49860036,0.397615999,0.613228806,0.133194658,0.66913992,0.957620231,0.381531887,0.128530746,0.23446432,0.320174523,0.189813142,0.601932232,0.14476017,1
313,0.335531879,0.323284386,0.06592078,0.361131295,0.075713255,0.463125788,0.95322996,0.219687302,0.159983574,0.103986781,0.064554988,0.368512706,0.52953934,0.068627261,2
314,0.078633899,0.381677119,0.436555663,0.676434546,0.224664295,0.767071224,0.911357461,0.189827312,0.120193731,0.439025284,0.421199457,0.284835159,0.55704113,0.134987836,2
315,0.182081355,0.212012284,0.005708248,0.141898188,0.080071139,0.420249617,0.969713231,0.470536987,0.068307422,0.241501339,0.330773301,0.26971019,0.196423645,0.268766988,2
316,0.371633255,0.054999664,0.094812144,0.123155988,0.018169254,0.202123245,0.956217526,0.127657094,0.130159488,0.273195507,0.089867005,0.358071034,0.353723536,0.060929796,2
317,0.436640774,0.102028595,0.006658083,0.977246156,0.923093619,0.887550268,0.800431474,0.37140707,0.266702589,0.478382569,0.120492708,0.594177856,0.956334394,0.1581615,2
318,0.178131431,0.21793304,0.843933544,0.364852101,0.165935444,0.388482687,0.627947215,0.139994846,0.139820187,0.104567233,0.155953359,0.216447937,0.521425263,0.163883338,2
319,0.197976384,0.587900087,0.63747525,0.340027767,0.194089491,0.743625507,0.928530866,0.292932526,0.181470447,0.351167642,0.425149169,0.489950327,0.591780351,0.107840431,2
320,0.315638235,0.421954478,0.187230592,0.43052268,0.154829783,0.656124685,0.903617575,0.496430118,0.240090939,0.216443992,0.692814964,0.790698639,0.59678335,0.161371684,2
321,0.129323572,0.238137626,0.050337393,0.876947073,0.44000283,0.934011668,0.922347057,0.41478039,0.156908712,0.637022269,0.170270164,0.280071341,0.884513982,0.121134132,2
322,0.071894926,0.530387274,0.395218276,0.503666625,0.193736828,0.726398066,0.869671255,0.20385437,0.200300192,0.426518337,0.561141889,0.101321367,0.669950606,0.068157042,2
323,0.365592904,0.353686621,0.065536747,0.290701217,0.093060397,0.189330767,0.922098645,0.441359507,0.21485032,0.255059461,0.157657556,0.464916088,0.365553557,0.300407573,2
324,0.216714291,0.283937188,0.033290899,0.356557082,0.039636086,0.543676135,0.967718769,0.315387042,0.12441441,0.372225561,0.279268472,0.166264889,0.459739089,0.120525177,2
325,0.203927175,0.826239363,0.02709781,0.7370979,0.304784408,0.969316099,0.917888774,0.180156486,0.150872618,0.239537677,0.751276518,0.123423552,0.838016684,0.130500229,2
326,0.084407987,0.325362334,0.207062325,0.799649813,0.643074627,0.854241253,0.906389754,0.311201749,0.137605759,0.520900862,0.39175752,0.246555828,0.970008079,0.239770243,2
327,0.190199873,0.110388601,0.020299711,0.683763935,0.935051658,0.156378012,0.925669282,0.209518241,0.159761769,0.30559243,0.11672268,0.122435063,0.071402665,0.115915853,2
328,0.384365009,0.597583482,0.200325604,0.921454053,0.189616504,0.895654589,0.957568299,0.326027924,0.138263614,0.220163276,0.191936808,0.362812972,0.891041219,0.203935075,1
329,0.130059978,0.360022197,0.072664149,0.899293947,0.71347975,0.975443053,0.953733995,0.287915074,0.15346118,0.519328487,0.715485865,0.389832283,0.930914523,0.241593873,2
330,0.085057314,0.410053653,0.073960163,0.911124147,0.523164736,0.929482309,0.942586254,0.298994167,0.037062429,0.231271361,0.645276027,0.354869973,0.893805147,0.323351263,2
331,0.031371922,0.277556784,0.11238014,0.91024127,0.641250431,0.933173721,0.947606482,0.276357164,0.22944156,0.444883714,0.711289806,0.473875761,0.942629879,0.249782602,2
332,0.125233836,0.167293976,0.196425974,0.751835127,0.176140022,0.453262976,0.904407737,0.187197555,0.157306228,0.195984968,0.552672293,0.296123567,0.51065198,0.152170218,1
333,0.206713729,0.167682146,0.837062149,0.241421527,0.044189272,0.877738115,0.962254221,0.291326381,0.133841638,0.552724198,0.13383861,0.199400654,0.938668651,0.265328227,1
334,0.247036206,0.184507175,0.33031143,0.408649006,0.091160805,0.43740018,0.873730925,0.127275327,0.098505435,0.196173806,0.07142401,0.307742244,0.455241703,0.103614625,1
335,0.118947778,0.324791979,0.836268851,0.320716136,0.156748996,0.850283792,0.857399395,0.149097006,0.178367249,0.174108848,0.789688325,0.419809253,0.771974521,0.220001965,2
336,0.038430453,0.486320243,0.100556427,0.874692162,0.175860028,0.860473764,0.876430628,0.047416752,0.130718218,0.3506436,0.313857533,0.229431595,0.658668609,0.078738698,2
337,0.226296149,0.247576184,0.116587799,0.352439037,0.120209545,0.312256313,0.949859824,0.132904185,0.08758476,0.104804892,0.187250811,0.155375935,0.509002265,0.16553559,1
338,0.274932085,0.290115626,0.591432717,0.457225408,0.062261411,0.405970241,0.554884927,0.180711102,0.092387291,0.095839183,0.104896992,0.119235197,0.27184003,0.096537654,1
339,0.061595728,0.240284068,0.216578813,0.449345643,0.177536617,0.494545344,0.446897908,0.356076073,0.106954857,0.228422184,0.247481102,0.116014741,0.381026688,0.145078985,1
340,0.171497786,0.598488775,0.031057078,0.528470539,0.211263106,0.849692196,0.950905771,0.272796127,0.068175253,0.212391954,0.542894411,0.360510201,0.547610244,0.151616322,2
341,0.148893783,0.400464934,0.699673204,0.604308651,0.165061828,0.738627548,0.856499871,0.101281163,0.114349216,0.067872203,0.237166823,0.195873098,0.565703533,0.141948918,2
342,0.199603572,0.261495314,0.144761223,0.440012538,0.122933862,0.653250183,0.563576912,0.105427214,0.170004615,0.048377531,0.027753773,0.346886492,0.308386089,0.158241314,2
343,0.38511244,0.051396652,0.979993992,0.361840647,0.041930953,0.102971619,0.912737578,0.113389073,0.172850183,0.285947772,0.727459596,0.251281626,0.069057975,0.116838516,2
344,0.177275545,0.551551976,0.088594392,0.716510859,0.217508171,0.826079909,0.94799574,0.245001132,0.113011351,0.268813724,0.717909473,0.22024649,0.604429574,0.129614978,2
