SAMPLE_ID,GE_CBFB,GE_CDH1,GE_CDKN1B,GE_ERBB2,GE_FOXA1,GE_MAP2K4,GE_MAP3K1,GE_NCOR1,GE_PIK3CA,GE_PTEN,GE_RUNX1,GE_SF3B1,GE_GATA3,GE_FAM86B1,CLASS
1,0.089660887,0.007616405,0.017021303,0.027251536,0.675474227,0.120441371,0.104393878,0.138547667,0.030971041,0.193678049,0.075810735,0.211225799,0.18681256,0.152638296,2
2,0.142717802,0.025127521,0.534844939,0.060432518,0.405584267,0.164410193,0.167497798,0.347175207,0.112862782,0.242908716,0.317482975,0.16981996,0.280684015,0.372594942,1
3,0.092380923,0.226401732,0.370822436,0.03597445,0.620960525,0.117204527,0.161614094,0.407367975,0.134331596,0.474049659,0.384662439,0.183186226,0.257800642,0.217875158,1
4,0.171568296,0.627462973,0.225167999,0.020773469,0.396712226,0.101516657,0.077670235,0.455305137,0.137946846,0.284994235,0.292599577,0.258338835,0.428767489,0.159386454,1
5,0.197119964,0.268059107,0.406444655,0.028434806,0.498294815,0.12906659,0.0682414,0.29081116,0.109801186,0.21635038,0.159145741,0.088828727,0.280695493,0.119734894,2
6,0.106720708,0.103697617,0.096777103,0.019772986,0.331592347,0.190680371,0.198741012,0.401924518,0.125628268,0.194374104,0.07837563,0.140091436,0.307207973,0.099135511,2
7,0.269058221,0.285671856,0.644887784,0.011099459,0.82412926,0.204937774,0.063797076,0.576109854,0.314912351,0.311841514,0.037381287,0.243351838,0.573856638,0.109053243,2
8,0.08487356,0.0135814,0.260268203,0.022064456,0.639631873,0.176248768,0.464106383,0.337387794,0.234024901,0.307004964,0.135754374,0.44435544,0.565752118,0.43194609,2
9,0.170894958,0.138403895,0.632595667,0.033881485,0.475873585,0.072229883,0.098215955,0.249993478,0.116676071,0.297135804,0.155843893,0.165068729,0.479646404,0.040842937,2
10,0.248063745,0.298620631,0.153303243,0.034898486,0.684816011,0.423032659,0.414109016,0.410611501,0.168822117,0.27008817,0.333627321,0.252173538,0.306901929,0.247323708,2
11,0.43243901,0.36374019,0.178971356,0.724501359,0.00380385,0.180036759,0.083650294,0.353596581,0.229479819,0.288329765,0.235862219,0.213840752,0.017532712,0.224926578,2
12,0.132563251,0.158102565,0.387701056,0.077297269,0.375382087,0.049971965,0.846141691,0.310028689,0.175676303,0.248127841,0.952755401,0.272945101,0.261713864,0.220847219,1
13,0.185199256,0.019607009,0.360513305,0.024476234,0.530855045,0.087782705,0.234957771,0.177762115,0.14919773,0.176512145,0.287156335,0.121491189,0.312164069,0.423910489,2
14,0.239365167,0.263635612,0.372347324,0.022233684,0.349525061,0.206603856,0.162598954,0.304596376,0.122394286,0.392210579,0.406353087,0.208894405,0.125871462,0.216976899,1
15,0.305951859,0.14099347,0.719857703,0.014115326,0.614190855,0.128418268,1,0.600041202,0.127315148,0.469808241,0.292468289,0.271431545,0.37469981,0.19938078,2
16,0.169486111,0.39105468,0.260612431,0.020537147,0.223517925,0.01451797,0.220949355,0.242485246,0.109213194,0.286783118,0.34990866,0.172839332,0.146123232,0.002557055,2
17,0.377789771,0.486051679,0.179983111,0.026595708,0.443736404,0.187483772,0.094736517,0.302140202,0.134771578,0.188585943,0.105618761,0.136909048,0.282492275,0.292358056,2
18,0.196326404,0.287887324,0.159223969,0.019568937,0.22537243,0.194683993,0.252031639,0.243521348,0.421200931,0.206864507,0.453964164,0.166845453,0.221756501,0.017668208,2
19,0.23861284,0.298902863,0.064379196,0.025271047,0.572424651,0.282177638,0.093111147,0.182172484,0.051697087,0.292873706,0.168804483,0.14539658,0.21292122,0.277635472,2
20,0.282226692,0.696285485,0.232748652,0.046992475,0.699804482,0.113291314,0.100272696,0.248062154,0.133031765,0.312249556,0.210823877,0.118092968,0.263990486,0.074670112,2
21,0.289520863,0.187144551,0.186068575,0.018047716,0.487111639,0.132262818,0.0628244,0.165784019,0.119875448,0.077501949,0.171115337,0.22107573,0.030149737,0.171371533,2
22,0.223735474,0.439772358,0.205046727,0.013698178,0.331017426,0.178400671,0.071914716,0.352643685,0.121813221,0.25127159,0.170770735,0.12038111,0.621492871,0.088811534,1
23,0.374617628,0.224076252,0.322278041,0.755239722,0.435037602,0.170402955,0.198855929,0.380575024,0.1196659,0.253828551,0.144117522,0.182765366,0.129800124,0.066489413,2
24,0.363588555,0.943079092,0.057333647,0.373639484,0.698539717,0.153233101,0.257154372,0.370993278,0.186495917,0.203372991,0.114963138,0.325121315,0.182401909,0.025677986,2
25,0.168774302,0.01117941,0.19573864,0.032991316,0.57315066,0.179947741,0.334559963,0.355630738,0.051675136,0.283135217,0.140559063,0.331145072,0.244834024,0.108152064,2
26,0.159128132,0.021100848,0.256567016,0.026717637,0.182328963,0.179694477,0.101056638,0.255008061,0.099334255,0.252023694,0.439937713,0.076276846,0.197350006,0.156347685,2
27,0.220542937,0.200409277,0.171312345,0.05484381,0.253722235,0.089345699,0.068283135,0.195725092,1,0.320315706,0.187278487,0.137559036,0.021749422,0.066097001,2
28,0.28945709,0.420511494,0.242312574,0.161008596,0.527463976,0.125926309,0.162664917,0.087591447,0.116792859,0.140579992,0.160292414,0.289005341,0.176606271,0.256716534,2
29,0.247497188,0.158314921,0.093442299,0.268901472,0.35012615,0.095090482,0.104502792,0.198559168,0.114844191,0.265278168,0.260746926,0.185290614,0.08698034,0.068010642,2
30,0.223536265,0.141403462,0.421764422,0.079277236,0.366406384,0.158202133,0.067789982,0.161404929,0.171200218,0.189318256,0.174097146,0.102547331,0.338502854,0.152064665,2
31,0.407758163,0.070555437,0.128621395,0.00300293,0.051659074,0.101165737,0.08558744,0.242789687,0.29171755,0.311061919,0.409903314,0.351718724,0.020827183,0.034630444,1
32,0.291323912,0.144969491,0.16971867,0.020905158,0.001852973,0.155515064,0.097497241,0.256596871,0.214544768,0.479046572,0.184053243,0.20779109,0.065206289,0.205110943,2
33,0.239641935,0.203770715,0.310185837,0.04605382,0.477968874,0.121536268,0.255828601,0.228952367,0.189327826,0.377728312,0.39384865,0.380404189,0.206168803,0.049269412,2
34,0.162047477,0.097215769,0.224575438,0.032899432,0.667920397,0.413299345,0.806567898,0.434729599,0.200471486,0.423930528,0.349157032,0.405049095,0.240214745,0.089339975,2
35,0.175812814,0.152214387,0.520221905,0.034781489,0.472414907,0.26715913,0.221163028,1,0.219484678,0.286114007,0.299826643,0.283576165,0.232454524,0.026209809,1
36,0.07153641,0.005492296,0.391320606,0.058050676,0.445124678,0.197108752,0.13280825,0.030008975,0.017944353,0.168324173,0.338421621,0.053224045,0.46769487,0.063498907,2
37,0.379514893,0.07957871,0.120911178,0.021761016,0.001238359,0.065650789,0.034986185,0.177503162,0.153736445,0.159620261,0.302697685,0.377389587,0.009123856,0.125258015,2
38,0.323152518,0.086045823,0.134994659,0.034801105,0.0000317,0.079380218,0,0.098511676,0.082667756,0.123348274,0.061140604,0.049141128,0.015664198,0.079261313,2
39,0.114465308,0.160487394,0.028368932,0.001763479,0.743235298,0.148644446,0.022505403,0.215586281,0.03931516,0.168778021,0.072794198,0.051078203,0.763726682,0.210908429,2
40,0.261559046,0.391833531,0.352786493,0.01448996,0.453846234,0.115141866,0.187189041,0.261627278,0.128884653,0.361254127,0.147379302,0.187397819,0.391097967,0.11580217,2
41,0.178444417,0.196203222,0.377486259,0.017145298,0.752562535,0.380043095,0.054716484,0.272305486,0.101563759,0.341541875,0.242067023,0.18546536,0.483842754,0.363878884,2
42,0.191989729,0.335240028,0.206580032,0.023229874,0.493205204,0.438271841,0.278565822,0.491315123,0.126214581,0.265167206,0.27133936,0.288740054,0.22551723,0.087200233,2
43,0.25511989,0.253614972,0,0.011846229,0.702070978,0.200039315,0.103566739,0.33680242,0.045804648,0.405969519,0.066667504,0.176427322,0.233156697,0.005550327,2
44,0.220079536,0.321969568,0.267941092,0.034433308,0.326079589,0.167471503,0.249133192,0.209498045,0.156717483,0.29197984,0.419804662,0.114629232,0.208700922,0.296114786,1
45,0.197480826,0.125445516,0.162676091,0.016197658,0.08316959,0.255287557,0.069072793,0.428965571,0.103040346,0.2161708,0.260189428,0.184177931,0.01797848,0.220491697,1
46,0.104323531,0.029528876,0.249934131,0.034598418,0.469388113,0.086262997,0.337212728,0.178139355,0.066704012,0.175642364,0.329981915,0.172744961,0.338817172,0.136439518,2
47,0.15027969,0.005222365,0.245878299,0.015640646,0.298946305,0.076272823,0.156304572,0.083181854,0.060309521,0.199802311,0.280107132,0.115520205,0.279843809,0.110659318,2
48,0.207148844,0.013062283,0.371032835,0.025941581,0.603176164,0.28438039,0.41267701,0.433615049,0.032043903,0.204965196,0.232900148,0.255621084,0.547711422,0.378558892,2
49,0.384700885,0.186709404,0.164980476,0.013004776,0.020872436,0.13856644,0.058847253,0.132727733,0.08750694,0.239237018,0.11391545,0.05980646,0.058418091,0.071877272,2
50,0.176560455,0.160375637,0.195317686,0.073662484,0.32788091,0.104281566,0.185114466,0.248772991,0.209341206,0.346427977,0.515799673,0.127695235,0.159716361,0.18811689,1
51,0.125383851,0.008811295,0.339750011,0.040499251,0.200143375,0.101064372,0.148517634,0.069135307,0.044124002,0.169174602,0.274103612,0.058116577,0.332418377,0.105911798,2
52,0.260220482,0.03672044,0.403080447,0.011013632,0.003390297,0.079792887,0.072402757,0.161226536,0.090122028,0.108804049,0.167092777,0.220204162,0.023037929,0.24755396,1
53,0.442233563,0.099308117,0.240210143,0.01721944,0.002440356,0.169794564,0.131331602,0.299909932,0.168943754,0.457895162,0.226648571,0.129392743,0.012982146,0.491318449,2
54,0.222419895,0.225532012,0.461958506,0.018749415,0.684515879,0.104144757,0.20204679,0.293706397,0.144115538,0.325547277,0.163728074,0.150175709,0.390565324,0.036702863,2
55,0.155058435,0.267362104,0.200900841,0.031957357,0.385238734,0.077310067,0.176479601,0.154945075,0.106595416,0.283048149,0.247093942,0.126199816,0.256456893,0.162746931,1
56,0.081592959,0.138725967,0.321359986,0.025349584,0.403194668,0.150913265,0.016986095,0.41578303,0.14614735,0.208989805,0.081881227,0.281412778,0.197975278,0.127046385,1
57,0.398869352,0.499611696,0.273293748,0.631984139,0.505910281,0.132644381,0.106520117,0.351444772,0.123298918,0.337157025,0.144331949,0.152313936,0.142201207,0.074035921,2
58,0.115002889,0.159961551,0.06082269,0.024011403,0.493425979,0.135223133,0.213693182,0.260858944,0.069313665,0.178676792,0.235028083,0.138488299,0.295355668,0.309944031,2
59,0.077090662,0.011594197,0.356736097,0.047034911,0.312809024,0.192304984,0.167698699,0.261906787,0.063466114,0.156831966,0.262026569,0.119933749,0.344998802,0.057406612,2
60,0.32009596,0.31280128,0.323302577,0.033306012,0.406639681,0.100366017,0.055520685,0.186637959,0.107997064,0.163589505,0.151512301,0.363074432,0.394564142,0.168176752,1
61,0.304765773,0.341856518,0.68456986,0.033445518,0.656742776,0.177401447,0.040126097,0.278134223,0.063166231,0.141707601,0.203425317,0.068085191,0.756480125,0.330705574,2
62,0.369182758,0.359747828,0.213224684,0.555353324,0.339609855,0.184412137,0.080299376,0.216145998,0.126205124,0.418783303,0.181237424,0.176099207,0.139412829,0.039443289,2
63,0.093107726,0.133333367,0.258171008,0.04415226,0.657420459,0.313572269,0.18773817,0.258917609,0.053492418,0.218952133,0.201209647,0.182870434,0.529557197,0.243762645,2
64,0.250602919,0.017771772,0.315339748,0.005375019,0.260146739,0.091971408,0.108123783,0.131806549,0.070306101,0.278903989,0.159103346,0.146658129,0.088824155,0.034197761,1
65,0.548250526,0.294906509,0.122647662,0.482977035,0.255139446,0.195749377,0.08035051,0.492535024,0.134599832,0.211844994,0.270126945,0.207661514,0.007245691,0.045148705,2
66,0.369479132,0.38342515,0.288445638,0.104202168,0.344117869,0.15820597,0.224738184,0.371834157,0.237086444,0.406920529,0.372903712,0.312200972,0.15987793,0.14106269,2
67,0.137311194,0.248594748,0.378426173,0.028198184,0.418286186,0.100167719,0.06253183,0.220008366,0.08968162,0.282512731,0.103960089,0.098846331,0.194535209,0.644238642,2
68,0.212800976,0.084320337,0.370503036,0.007136937,0.396645784,0.120771955,0.079553095,0.200531643,0.144973311,0.258972726,0.166601416,0.15729397,0.189491277,0.031879719,1
69,0.219678009,0.118899546,0.176639045,0.020801614,0.040914817,0.096301035,0.09550336,0.262105775,0.156731735,0.114600758,0.400862368,0.344528761,0.004547209,0.068070126,2
70,0.145585384,0.24146067,0.16085286,0.024844522,0.71445798,0.473000305,0.147525777,0.467473621,0.124581034,0.354084224,0.223453368,0.241121699,0.343749598,0.164354543,2
71,0.209513346,0.214311527,0.469108043,0.046483191,0.487223092,0.099518934,0.220292268,0.22011756,0.164765581,0.33607012,0.460600372,0.304428747,0.260243879,0.221814184,1
72,0.132627492,0.199420047,0.260267795,0.047645801,0.754364146,0.143574142,0.056590746,0.328533193,0.109000822,0.151009038,0.098134196,0.110301339,0.222108555,0.081582121,2
73,0.191534516,0.150395114,0.151965094,0.045050174,0.354732388,0.071082635,0.093922403,0.087889884,0.07834405,0.169919155,0.211786854,0.162198454,0.529872869,0.070514975,2
74,0.285130082,0.310466527,0.127776561,0.014003855,0.102623009,0.004516451,0.217136013,0.476439654,0.359923296,0.298289686,0.280782524,0.25189678,0.00373234,0.029132069,2
75,0.106197283,0.136292158,0.493482498,0.033935431,0.598017407,0.461176189,0.177554675,0.166057104,0.123373589,0.366474524,0.237431045,0.138191234,0.413668497,0.187537418,2
76,0.175896956,0.17228703,0.449882009,0.028914662,0.232310956,0.16047162,0.109503814,0.236808926,0.157179123,0.260627955,0.121380705,0.18254981,0.226435731,0.102898236,2
77,0.082423584,0.221507436,0.080120438,0.058660665,0.484304436,0.129527161,0.06124639,0.323896029,0.092051729,0.149035283,0.070134598,0.116910879,0.399425496,0.091954977,2
78,0.153927195,0.20638901,0.395303906,0.031816269,0.643104035,0.133383982,0.031494612,0.19732722,0.20202919,0.217846969,0.118483896,0.277261545,0.298989007,0.030646843,2
79,0.112036343,0.007588226,0.818067148,0.041186423,0.847264901,0.361120105,0.200750596,0.565520335,0.131322374,0.171597048,0.122259918,0.227796679,1,0.065193363,2
80,0.219850906,0.114626362,0.441118162,0.015513513,0.680013112,0.324838379,0.450388471,0.400821977,0.168658842,0.326627686,0.376621625,0.327076556,0.249609564,0.053120672,2
81,0.178690778,0.240446875,0.051612061,0.02478527,0.731725514,0.346673765,0.106910496,0.442116413,0.100948382,0.292045955,0.317067469,0.173067629,0.266970363,0.199421512,1
82,0.433553505,0.263385777,0.290836193,0.021336454,0.01304319,0.13152431,0.015191604,0.178045567,0.336769706,0.290416944,0.223402695,0.13637469,0.037670472,0.190324109,2
83,0.202944968,0.078511949,0.285786356,0.036595384,0.46423631,0.322504548,0.157175911,0.297029935,0.109452632,0.280656777,0.722095335,0.149765802,0.462398315,0.200609506,1
84,0.207402703,0.234471224,0.241699505,0.008934333,0.792503687,0.228066392,0.03557299,0.534215377,0.10246578,0.230328222,0.220918711,0.135978957,0.262902853,0.349496605,2
85,0.149315799,0.029714754,0.416112242,0.032276939,0.427452292,0.097102349,0.132700568,0.225385892,0.237238876,0.220532536,0.186546577,0.23962651,0.15631564,0.243931107,2
86,0.366773818,0.157897026,0.401136463,0.0131223,0.001857901,0.070306385,0.039548389,0.186876164,0.230828002,0.166479721,0.195502575,0.240297838,0.014381523,0.295256492,2
87,0.269712596,0.100076495,0.140577983,0.017007905,0.217902497,0.106890146,0.08933428,0.118461909,0.14099973,0.351444927,0.296000692,0.254701695,0.064901022,0.100176716,2
88,0.401406011,0.36280608,0.35842098,0.017165023,0.219628356,0.136903101,0.138983845,0.328092986,0.248396575,0.251511022,0.217346707,0.212493297,0.21815348,0.251977006,1
89,0.248614519,0.106474695,0.285846205,0.032595674,0.561306751,0.124789999,0.24105803,0.227153401,0.128255503,0.249982223,0.300324342,0.281539532,0.300756157,0.146036466,2
90,0.256984714,0.10714515,0.244210334,0.018935604,0.288661169,0.216997597,0.151233749,0.31024803,0.167561126,0.514256451,0.334857922,0.145371754,0.149939503,0.073187924,2
91,0.219850758,0.374879509,0.279590611,0.016200998,0.175323218,0.09172113,0.115549657,0.165110109,0.131997185,0.329346528,0.107405177,0.165994769,0.421766145,0.576761821,2
92,0.25126955,0.106476265,0.145096248,0.009733618,0.000567374,0.133241408,0.0752543,0.146121741,0.076607486,0.06768773,0.08535368,0.182158592,0.040280877,0.279705124,2
93,0.258948207,0.340050633,0.175940806,0.014693088,0.482654748,0.17376035,0.176605745,0.296679063,0.166580119,0.355433729,0.15426341,0.170757541,0.153022717,0.145047367,2
94,0.337776987,0.133138119,0.280845462,0.016955438,0.033206596,0.108721512,0.118945273,0.294642502,0.148226579,0.348749664,0.131403938,0.242305925,0.063617863,0.047434622,2
95,0.101351535,0.106546025,0.304481718,0.03982181,0.358187374,0.171862119,0.149404807,0.150695506,0.090356724,0.24763827,0.498672607,0.187916878,0.311281237,0.311678143,1
96,0.130723284,0.149292891,0.437948927,0.01203097,0.435125348,0.141725722,0.132937342,0.276556136,0.161038392,0.293436847,0.235028741,0.199125706,0.206881368,0.212947033,2
97,0.14426253,0.127642387,0.509115711,0.039140659,0.685966009,0.125273094,0.114687985,0.329475329,0.111797007,0.227332501,0.108707247,0.216268548,0.528900659,0.46924856,2
98,0.176339618,0.050094766,0.327601012,0.049636581,0.424895991,0.157430294,0.276105139,0.430370112,0.182223786,0.360682944,0.295128849,0.23526505,0.279961229,0.221776833,1
99,0.153724631,0.317796002,0.170794355,0.029417754,0.393127892,0.141048388,0.200128948,0.271879347,0.146063434,0.326409686,0.310316325,0.173669028,0.200849283,0.085627051,1
100,0.322528353,0.12577096,1,0.009193754,0.024497091,0.056420182,0.041433135,0.217724658,0.211174365,0.241216162,0.158928691,0.296466051,0.000926961,0.469100695,2
101,0.19095839,0.019481063,0.495920867,0.105887953,0.719937419,0.126118231,0.44503402,0.145748278,0.096549898,0.302835077,0.342105344,0.172031949,0.278136436,0.053333094,2
102,0.144871183,0.158648118,0.304884162,0.026109414,0.845459824,0.294843888,0.057144137,0.477572254,0.135626846,0.239401608,0.123183393,0.23281775,0.518015759,0.204925419,2
103,0.296828375,0.090272221,0.09484901,0.014524001,0.235910157,0.181227162,0.326696913,0.517485505,0.183570903,0.375833911,0.38500745,0.149638137,0.116859835,0.145666802,1
104,0.283385109,0.121740743,0.128318901,0.012972429,0.028430126,0.115817902,0.1592693,0.244152643,0.124754485,0.062271286,0.080796088,0.121877721,0.098556369,0.081610403,2
105,0.1536106,0.028431402,0.389544218,0.032809777,0.352298335,0.126888494,0.143160775,0.190915793,0.130893261,0.298572624,0.188081635,0.149527226,0.321917873,0.217537312,2
106,0.159199155,0.015572267,0.305341149,0.039090828,0.45152104,0.196884,0.178843267,0.399438858,0.123577383,0.250098342,0.236692831,0.187151297,0.272649473,0.191408659,2
107,0.178502863,0.156537813,0.227054245,0.026594818,0.427965009,0.103720984,0.133113427,0.254877052,0.09427476,0.219569627,0.110030778,0.112430683,0.338489679,0.084446434,2
108,0.097742304,0.007435782,0.240366394,0.022002589,0.167608449,0.051181277,0.10356135,0.028255166,0,0.16663099,0.470866271,0.001683621,0.211279303,0.265196345,2
109,0.291315281,0.075840109,0.78213444,0.011719359,0.005193023,0.072767274,0.041321069,0.1443048,0.121677971,0.092609971,0.066998155,0.075953295,0.011575514,0.167086822,2
110,0.308361835,0.097406917,0.158010527,0.006936015,0.183230417,0.175404039,0.030082294,0.197811937,0.145749725,0.364044309,0.280028083,0.106691721,0.127119672,0.020812727,2
111,0.145783312,0.108086618,0.444224325,0.150645252,0.535081717,0.114082358,0.028213707,0.149856649,0.13256232,0.244488626,0.231358667,0.183392569,0.324727311,0.045023896,1
112,0.142288409,0.164097539,0.107644211,0.042694877,0.010356976,0.08458531,0.044782297,0.178213771,0.114198551,0.093469057,0.232396854,0.216092385,0.023642915,0.073539604,2
113,0.248446012,0.075875458,0.36558144,0.034180703,0.000106907,0.094882136,0.043016264,0.416436243,0.187982174,0.200513219,0.139557393,0.106988242,0.00046589,0.087384526,2
114,0.210931909,0.462172768,0.0206826,0.045874134,0.351114588,0.190506672,0.144768311,0.310172279,0.044200911,0.229999835,0.212110634,0.155743303,0.267704008,0.069567685,1
115,0.156385704,0.255960375,0.319281723,0.021439613,0.62154886,1,0.233850018,0.549198284,0.115313103,0.578584608,0.306797125,0.297196448,0.320339486,0.152076346,1
116,0.079639799,0.155903602,0.278099152,0.033664979,0.473745504,0.547717383,0.209960655,0.465702563,0.093937421,0.247427957,0.153995365,0.284182889,0.223787205,0.388364725,2
117,0.111515433,0.017037492,0.506783626,0.049771544,0.423937424,0.083512899,0.186281454,0.147118078,0.082304656,0.064132479,0.279839916,0.168854146,0.300361242,0.147512813,2
118,0.330421559,0.214394028,0.217861492,0.00850035,0.208434981,0.124214198,0.090856036,0.168961754,0.114065192,0.342331686,0.217209167,0.120197452,0.351961903,0.107938105,2
119,0.230616355,0.239449549,0.209303498,0.01219195,0.562797526,0.147925477,0.227726111,0.231367963,0.470228478,0.441586401,0.276204525,0.256975257,0.173405013,0.061800916,1
120,0.178476574,0.103536577,0.176333032,0.01843999,0.47743526,0.174539196,0.043640713,0.297193432,0.078124458,0.348594292,0.36062749,0.164786553,0.231811862,0.134830677,1
121,0.311362438,0.390854955,0.49051457,0.017527817,0.461832117,0.137976104,0.095476282,0.065248159,0.054656653,0.090212376,0.193101401,0.202872265,0.245137226,0.146221989,2
122,0.19732312,0.49143391,0.159743746,0.126310487,0.868117507,0.134536364,0.056223974,0.200965185,0.175259418,0.193789764,0.165201078,1,0.47717738,0.0078925,2
123,0.114565875,0.013872087,0.019550261,0.042590453,0.504884721,0.249019509,0.213877498,0.070930495,0.04795418,0.284774048,0.150211328,0.230505873,0.393937082,0.124096458,2
124,0.145751253,0.164623208,0.348264146,0.036392055,0.619977648,0.134584025,0.275988867,0.281702758,0.093459505,0.475702837,0.242213005,0.336204918,0.454373116,0.092682622,1
125,0.1486977,0.173189346,0.379535949,0.032919205,0.54321477,0.243309059,0.190847864,0.285109578,0.052997425,0.209857494,0.086815691,0.241912729,0.29602691,0.083147925,2
126,0.208473129,0.297564343,0.513226028,0.028134036,0.309130286,0.092462733,0.187975686,0.30336514,0.149462423,0.310893171,0.286242426,0.232035544,0.228844041,0.20494494,1
127,0.271838973,0.076499496,0.211276618,0.020262333,0.283324575,0.165081983,0.128790046,0.538269749,0.224011245,0.237081767,0.128616812,0.291398923,0.156090126,0.142045333,2
128,0.358815211,0.07678921,0.099867332,0.005164242,0.00248326,0.142228114,0.158794618,0.226348508,0.289935859,0.230582083,0.100567863,0.343251904,0.069455181,0.050197489,2
129,0.318289631,0.053763098,0.376738446,0.016995329,0.005924906,0.075931654,0.054650203,0.166679432,0.104079907,0.263810916,0.110137548,0.225323378,0.052825064,0.694950432,2
130,0.213094439,0.331030854,0.191761377,0.026859503,0.48486027,0.119271841,0.813788061,0.125024164,0.105509847,0.212395593,0.272653988,0.193555864,0.254592822,0.082691726,2
131,0.227464088,0.126700244,0.318881418,0.015122418,0.58362011,0.150229351,0.28344577,0.247590895,0.270808356,0.403346129,0.845464469,0.142186707,0.162671905,0.213705726,1
132,0.130774085,0.118071208,0.408146204,0.058743841,0.435410173,0.115534274,0.188317977,0.207245209,0.068285745,0.147308549,0.196676146,0.184990063,0.436150403,0.247557802,2
133,0.267440054,0.134808145,0.175075886,0.01113812,0.08003842,0.112113906,0.121403482,0.24082174,0.21599911,0.282658133,0.17576881,0.157460339,0.038222743,0.071240776,1
134,0.400537235,0.238912511,0.160234358,0.017200777,0.003218202,0.128176666,0.070081349,0.444135064,0.222328707,0.020300777,0.067984512,0.261104778,0.028082112,0.14564098,2
135,0.2139752,0.068480716,0.215857955,0.027319641,0.293705687,0.263632485,0.600625504,0.444604007,0.149760255,0.285013753,0.333659623,0.271761984,0.17837531,0.081354944,2
136,0.092793474,0.120255027,0.44618603,0.038044741,0.750331883,0.475600803,0.061351941,0.442015361,0.097180647,0.313243033,0.033052166,0.18113786,0.560448511,0.075314755,2
137,0.111740192,0.099085731,0.051188644,0.693788435,0.392535295,0.188498697,0.067445046,0.351410452,0.101076812,0.297875749,0.202415435,0.189186407,0.002655901,0.048204843,2
138,0.263905496,0.243976302,0.058049917,0.016950445,0.289706964,0.124692417,0.418826165,0.248048415,0.193560158,0.204246944,0.360349957,0.169903324,0.214276467,0.079049199,2
139,0.336438941,0.065200425,0.190617426,0.012542832,0.012343117,0.095259287,0.113133942,0.274881144,0.304097106,0.332949609,0.131515803,0.203571713,0.005377203,0.031856971,2
140,0.258402118,0.162734657,0.336954506,0.018249154,0.438930138,0.08689139,0.164241064,0.212281341,0.121793534,0.233920088,0.295527248,0.233533053,0.119203222,0.161875264,2
141,0.660354415,0.451312861,0.096623962,0.032437125,0.34011362,0.247166881,0.249789153,0.34815259,0.145787101,0.234920294,0.216955719,0.221700316,0.099114737,0.196164019,2
142,0.247478618,0.195467999,0.219654349,0.031936899,0.372284347,0.250349928,0.386885827,0.395463163,0.3869442,0.280846752,0.407623631,0.216043227,0.183379546,0.098257849,1
143,0.382354485,0.083913442,0.277531124,0.003647706,0.007504298,0.105744326,0.049735787,0.175357624,0.181285482,0.018225729,0.090960346,0.288180046,0.083514829,0.349802173,1
144,0.153176742,0.154092371,0.161597211,0.04496059,0.64138736,0.187773907,0.088392063,0.112778606,0.135155137,0.242082907,0.256840768,0.175473697,0.321752746,0.082608417,1
145,0.10275757,0.106081712,0.190009509,0.028135334,0.335201114,0.123223354,0.136935719,0.275057947,0.135533154,0.302470296,0.118695068,0.118212265,0.216100162,0.006398323,2
146,0.125265184,0.131354343,0.353865134,0.059420718,0.647529058,0.182946837,0.132414417,0.0671026,0.139435127,0.628235996,0.252151054,0.240476518,0.267360505,0.26027652,2
147,0.11623985,0.161271952,0.215925475,0.043947725,0.780165289,0.335200606,0.249487389,0.498149662,0.109594169,0.333348638,0.180430423,0.303089936,0.570318193,0.285010444,2
148,0.279259382,0.421073743,0.68082639,0.132215885,0.614368036,0.117063733,0.055664451,0.317642133,0.408287461,0.147028935,0.105545865,0.194533838,0.419626739,0.241657025,2
149,0.426617113,0.088915292,0.374963156,0.722515405,0.357850009,0.01008911,0.080168978,0.070197779,0.087370225,0.364978195,0.091998843,0.083551251,0.215445656,0.140205318,1
150,0.224130417,0.008788214,0.34350833,0.024789995,0.387126658,0.217129716,0.356647078,0.356685756,0.179437458,0.281637657,0.466890524,0.243706342,0.258012559,0.199955333,2
151,0.266002132,0.154607016,0.185429481,0.005425807,0.296242125,0.087557916,0.043932834,0.153905042,0.082223432,0.319776349,0.382533584,0.063688965,0.188597928,0,1
152,0.475842555,0.305378076,0.232805897,0.067289186,0.504650531,0.095021744,0.036529971,0.128083458,0.101815212,0.381012867,0.190878381,0.131664323,0.256283842,0.013743477,1
153,0.204658153,0.060330534,0.317272049,0.016706965,0.322065303,0.12840887,0.295461865,0.326981845,0.179934742,0.345355159,0.239688769,0.221742757,0.151539869,0.122634867,2
154,0.424184991,0.27237563,0.58699119,0.016915197,0.405718126,0.123233623,0.291136948,0.197424062,0.218461446,0.035841651,0.043095354,0.220245762,0.263967339,0.101747592,2
155,0.334538531,0.230441934,0.324412846,0.04084622,0.49803675,0.118103035,0.068740562,0.144094873,0.108660553,0.132939447,0.054232675,0.208320026,0.38958077,0.027123746,2
156,0.168530604,0.055278915,0.305338404,0.017339951,0.342324721,0.133047447,0.419607731,0.215472229,0.171266817,0.393943549,0.4263934,0.253259957,0.235973015,0.299778064,1
157,0.144348325,0.071915167,0.195991195,0.006259754,0.002007689,0.142600241,0.153799402,0.487985314,0.148285213,0.176424639,0.098051471,0.120209483,0.0026576,0.238346965,2
158,0.241409522,0.127166699,0.41682861,0.015823577,0.002659198,0.132052266,0.06543369,0.45933871,0.268631758,0.187893007,0.091153036,0.250210003,0.00771505,0.117258228,2
159,0,0.13673894,0.226139794,0.1108837,0.376529397,0.103365948,0.090076879,0.1113486,0.075650401,0.101392021,0.31734316,0.096968803,0.641720012,0.033550658,2
160,0.114504667,0.344706149,0.024705903,0.050709912,0.568128449,0.145349152,0.016266074,0.108807516,0.078968245,0.248499571,0.165160787,0.092629406,0.320214271,0.082504358,1
161,0.410439039,0.28685139,0.241408341,0.038523644,0.668944639,0.074312694,0.095289328,0.035821671,0.097346612,0.285991638,0.21550167,0.232991371,0.331919252,0.114220534,2
162,0.084832377,0.014858358,0.477127582,0.051483913,0.371025056,0.178823962,0.134682699,0.236955251,0.027154982,0.224141689,0.051320863,0.093336767,0.243440086,0.541212523,2
163,0.217397576,0.078400679,0.178692156,0.010376476,0.143072158,0.112105119,0.100535354,0.225378057,0.158287281,0.237253962,0.242067877,0.117674734,0.088482105,0.046684229,2
164,0.129278654,0.710537859,0.303920053,0.043972613,0.713427735,0.410400166,0.037920569,0.469895678,0.101914738,0.216711811,0.109776935,0.161581258,0.238444246,0.047082789,2
165,0.198432362,0.569980468,0.080216151,0.02006429,0.638653105,0.318469374,0.186162904,0.42737512,0.149757617,0.097283558,0.193501575,0.151426202,0.426054613,0.100878384,2
166,0.191090671,0.138174663,0.135957418,0.029913855,0.383208599,0.084856462,0.04244695,0.133552,0.012512249,0.153597935,0.043535543,0.163068647,0.167993836,0.021085709,2
167,0.17179266,0.003974832,0.29177591,0.024561659,0.450446917,0.138964464,0.211019096,0.20608026,0.14691492,0.367216712,0.44434428,0.220456022,0.271250846,0.181988935,1
168,0.164295556,0.188690219,0.49497704,0.035186652,0.938800386,0.357054456,0.409666341,0.504088851,0.102832929,0.39653406,0.285495408,0.263041443,0.470234458,0.130761462,2
169,0.322886428,0.154188495,0.170483598,0.011923389,0.001423858,0.054620535,0.069299963,0.106671111,0.083240616,0.122535512,0.060069706,0.052112124,0.036129669,0.408026501,1
170,0.238844183,0.063557232,0.275930862,0.012837362,0.023609348,0.102517029,0.064189128,0.234229261,0.200427344,0.132174117,0.220967753,0.171187852,0.006229466,0.108455172,2
171,0.198279589,0.110512133,0.148678442,0.018568023,0.538979796,0.127432411,0.057466625,0.227820772,0.149326214,0.299880072,0.126406217,0.215586581,0.246564171,0.012577001,1
172,0.252028092,0.115444655,0.180649934,0.029699768,0.086361275,0.075043657,0.053709275,0.075436294,0.045423461,0.158935791,0.276981183,0.3398913,0.018495593,0.018194036,2
173,0.09906326,0.123727759,0.349738729,0.029913918,0.35826041,0.148733575,0.149610738,0.148702398,0.035706331,0.115448164,0.077278137,0.029612099,0.45864699,0.134013575,2
174,0.423531579,0,0.201147456,0.003690405,0.00694501,0.41480971,0.033150637,0.784432329,0.153186415,0.132206272,0.171354657,0.131632065,0.00331272,0.134879709,2
175,0.129114512,0.117630391,0.306372736,0.042534039,0.466861706,0.088153794,0.115167974,0.075699966,0.033094227,0.121480844,0.073892414,0.029042858,0.366607024,0.251606113,2
176,0.147085427,0.036678612,0.093973083,0.051159048,0.446103718,0.098678005,0.188800905,0.139169296,0.0763441,0.213188701,0.207896719,0.146199741,0.339544641,0.320729126,2
177,0.14575981,0.325037978,0.641604215,0.029676698,0.63366458,0.114252498,0.269684947,0.040394609,0.141303849,0.343118516,0.488258924,0.257406412,0.402653484,0.129128488,1
178,0.165646745,0.052282271,0.517321412,0.467449259,0.591132459,0.128199226,0.19940246,0.200260403,0.13440062,0.429647513,0.181899614,0.238560177,0.334347447,0.110173299,2
179,0.30288556,0.311244984,0.30032788,0.01154538,0.386620449,0.109001469,0.072089618,0.218195178,0.109936436,0.187077948,0.047793628,0.213346034,0.275387299,0.022639831,2
180,0.160661294,0.168207727,0.154897622,0.034825549,0.447001921,0.154865519,0.228515295,0.280410884,0.191502666,0.311923987,0.15788717,0.236300309,0.186268327,0.159560757,2
181,0.28859628,0.227814948,0.154122714,0.015674349,0.003434692,0.116687286,0.115180027,0.253698899,0.271600301,0.248390387,0.260029363,0.173941606,0.030654871,0.112989502,2
182,0.209603506,0.182990054,0.362764682,0.008095343,0.947450125,0.243961199,0.088551588,0.396346313,0.112406071,0.246003364,0.102189598,0.1957542,0.198313174,0.249689552,2
183,0.316943916,0.214917453,0.134637735,0.568108811,0.344031464,0.140464708,0.0753416,0.258860914,0.303825834,0.434740577,0.208361372,0.251315814,0.071392085,0.042257955,2
184,0.306907144,0.055656027,0.383426859,0.189136788,0.333624811,0.093012082,0.103202107,0.109226493,0.07745359,0.24951738,0.225777497,0.205359787,0.250322398,0.098964436,2
185,0.536217882,0.252421652,0.195374804,0.01676755,0.291670751,0.097456866,0.052891389,0.09642983,0.105834159,0.178080621,0.095357195,0.183018511,0.002141029,0.194932064,2
186,0.076397373,0.188877387,0.524101512,0.050312065,0.42448548,0.067843715,0.044556825,0.091756221,0.053875337,0.136677657,0.152329532,0.131974334,0.630675063,0.14434201,2
187,0.372465061,0.138445357,0.302233325,0.01042103,0.000744973,0.062100935,0.034088364,0.084752779,0.108740712,0.177845607,0.112536789,0.075594845,0.02497033,0.047190691,2
188,0.209950656,0.118402907,0.587315643,0.016221832,0.58231387,0.522834924,0.091994321,0.378225779,0.114987086,0.290470723,0.241669084,0.171146017,0.611210978,0.464953858,2
189,0.132798835,0.098596227,0.357307376,0.02579938,0.348515784,0.064528457,0.171712935,0.131816598,0.069993724,0.314587505,0.433257362,0.192017201,0.282361474,0.258683664,2
190,0.134043219,0.097392248,0.196493293,0.018647646,0.61382236,0.218195193,0.372551795,0.318239198,0.179318112,0.229943445,0.216249136,0.25578204,0.146180383,0.197618539,2
191,0.212395256,0.007525441,0.164825731,0.027533395,0.346973305,0.108339726,0.281123431,0.160164688,0.158190659,0.248048925,0.314908895,0.172093188,0.176253798,0.069094885,2
192,0.333578314,0.381380069,0.51616468,0.032299612,0.474668104,0.108278236,0.084144598,0.239661804,0.133284549,0.136613662,0.275300892,0.201034038,0.358474875,0.150178691,1
193,0.254497057,0.191184628,0.511721141,0.942666952,0.447395981,0.128680022,0.041907809,0.052750556,0.12246949,0.310436589,0.131474197,0.193627315,0.110004519,0.028445311,2
194,0.147559728,0.16485773,0.264624924,0.062940424,0.277003159,0.070174637,0.066062312,0.098610934,0.104643417,0.222878623,0.071376659,0.14919978,0.320516744,0.234545813,1
195,0.342317434,0.045141154,0.147972841,0.009006566,0.002038785,0.117917527,0.016634348,0.224716715,0.200314125,0.107409615,0.095701061,0.221743259,0.007499399,0.247582549,2
196,0.205817926,0.007098754,0.397222371,0.023513822,0.364430837,0.043976441,0.099563626,0.248632683,0.080145188,0.271177961,0.157193559,0.101192611,0.247908126,0.454922076,2
197,0.196165197,0.076123953,0.362198625,0.026211989,0.37741891,0.253925105,0.622018704,0.485113661,0.209041562,0.265773224,0.231887997,0.253012773,0.304469593,0.143338309,2
198,0.177449921,0.154215121,0.449704997,0.01736888,0.364874063,0.147412814,0.329415706,0.2781459,0.178677267,0.359117737,0.232295903,0.263085501,0.17943314,0.06896654,2
199,0.183680175,0.088441149,0.460387098,0.0211123,0.707362782,0.268478408,0.275132226,0.382405652,0.100173512,0.284846099,0.317419297,0.223208142,0.309463528,0.102324759,2
200,0.081954314,0.132670148,0.175637002,0.024354464,0.218466574,0.054810547,0.048032434,0.046284138,0.019032666,0.252868514,0.008828551,0.031433865,0.470147518,0.139072657,2
201,0.199513492,0.148744484,0.107186619,0.012892741,0.018998804,0.15207601,0.033936498,0.134277415,0.345228615,0.096722893,0.14301759,0.207438388,0.001500234,0.134075365,2
202,0.229150369,0.112077295,0.196313958,0.033453497,0.242770428,0.087096251,0.227594553,0.124289985,0.105881045,0.224265015,0.134684476,0.141868696,0.165958964,0.139894216,2
203,0.084117238,0.097532759,0.348595045,0.020421662,0.494824487,0.520291152,0.13431939,0.310063327,0.082176546,0.229710223,0.058909456,0.156645959,0.493136324,0.087252032,2
204,0.37526633,0.290303057,0.300829781,0.006122575,0.719194106,0.178606013,0.228401351,0.211351595,0.138325796,0.385091363,0.203262734,0.253257892,0.191654635,0.089381169,1
205,0.158040862,0.014556007,0.216020583,0.037605282,0.717266617,0.497829282,0.149976375,0.579144775,0.144948642,0.438395411,0.202035551,0.220457218,0.308456104,0.231794013,2
206,0.230564567,0.374938472,0.273944187,0.050226258,0.604299228,0.080052898,0.162346037,0.238571054,0.16276643,0.363039384,0.236801606,0.49685178,0.286658115,0.033204512,2
207,0.155939121,0.231089544,0.242056148,0.025087734,0.392440195,0.215981264,0.529066086,0.492048527,0.168248804,0.300142946,0.282970488,0.21515923,0.193594052,0.145192465,2
208,0.280087294,0.03359461,0.396923987,0.001415787,0.010734382,0.098487455,0.019605821,0.232761856,0.051737366,0.109787966,0.176241788,0.091164961,0.001424977,0.783983917,2
209,0.276358779,0.082078687,0.31521435,0.038217983,0.015335175,0.098805841,0.121928791,0.240580991,0.167025934,0.20041138,0.21455895,0.277376194,0.016135812,0.136728947,2
210,0.189076179,0.006916093,0.135733084,0.022502959,0.268492161,0.059325589,0.081364733,0.140952043,0.113026936,0.159699356,0.052505999,0.218513564,0.152006452,0.02305576,2
211,0.543969831,0.126145906,0.127017656,0.01471874,0.004453165,0.163790531,0.037507359,0.196574672,0.19874041,0.146379464,0.237875619,0.253452422,0.005162357,0.040021992,1
212,0.271382502,0.355450267,0.343814456,0.017918955,0.402201499,0.460670831,0.158113466,0.271113175,0.115688084,0.247998319,0.210325856,0.146341543,0.308181449,0.123641795,2
213,0.359033386,0.232743984,0.190436965,0.016863522,0.004449792,0.07073609,0.021955499,0.13844888,0.33448884,0.334477819,0.41253885,0.174172177,0.001677368,0.046012995,2
214,0.070066527,0.090698261,0.213226739,0.025221764,0.470118342,0.206249136,0.109980749,0.329526885,0.118401872,0.193327738,0.293340908,0.191460835,0.235867934,0.099603392,2
215,0.1035642,0.034649269,0.307427112,0.018612961,0.165503175,0.071860999,0.083841257,0.038293403,0.016034978,0.178949335,0.214509099,0.02335866,0.153959944,0.121596121,2
216,0.183450139,0.005252848,0.39264841,0.078414165,0.651717454,0.096944871,0.552512156,0.181691036,0.181663313,0.311117776,0.203854907,0.25216369,0.228988105,0.116904857,2
217,0.081917076,0.068257956,0.493330061,0.057350657,0.571638737,0.103429088,0.146556081,0.11004618,0.044579461,0.269024872,0.468583399,0.230972375,0.589901665,0.212257354,1
218,0.540795863,0.102005109,0.182477964,0.011228555,0.003175728,0.065220694,0.043371171,0.173107243,0.183076124,0.198944443,0.139986121,0.428344133,0.011952624,0.06318381,1
219,0.138758018,0.015525209,0.388082063,0.043724412,0.286858564,0.120219752,0.102104112,0.132495341,0.082184698,0.172550437,0.192396258,0.119195443,0.17375767,0.05906172,2
220,0.226580887,0.303958117,0.13137183,0.207788195,0.394799058,0.097855298,0.12178033,0.199545456,0.185256611,0.316320434,0.220333697,0.166465187,0.160392959,0.242277076,1
221,0.185098837,0.242110646,0.286903564,0.000684387,0.470905666,0.127474992,0.058324312,0.420782234,0.143001945,0.260305135,0.030647179,0.24441344,0.432193423,0.037387316,2
222,0.130039933,0.409920862,0.217273182,0.030452145,0.322224958,0.281362829,0.084930197,0.251565102,0.063707896,0.20407758,0.162711353,0.114645459,0.414638649,0.058804877,2
223,0.223558583,0.065173815,0.301625084,0.031557802,0.005238812,0.075467431,0.049787288,0.069899151,0.091948873,0.16101088,0.180028816,0.058995382,0.077978818,0.231963397,1
224,0.068377016,0.360974966,0.53954199,0.059726675,0.475069763,0.111334003,0.059243405,0.170812722,0.128032769,0.186306655,0.029020875,0.137222449,0.39481465,0.437590177,2
225,0.169988205,0.030646546,0.278534392,0.023479057,0.193593041,0.181628653,0.219177655,0.31681896,0.156561294,0.189797762,0.235468344,0.179981215,0.161287169,0.0667232,2
226,0.414642225,0.119833673,0.69383109,0.018447745,1,0.217065854,0.271904072,0.219142503,0.239944007,0.642245651,0.147712491,0.174492145,0.333366839,0.174814089,2
227,0.172218231,0.162325308,0.536511131,0.014553971,0.795415603,0.49066154,0.032284989,0.346992552,0.077254459,0.217948084,0.455176835,0.174554713,0.740709407,0.249697852,2
228,0.160265439,0.1427806,0.330559834,0.025739507,0.338957556,0.223043063,0.449380887,0.431929919,0.145383562,0.233912538,0.350139984,0.239806724,0.228190961,0.042940256,2
229,0.170354048,0.13138127,0.005539563,0.013390049,0.622022545,0.331001281,0.204357648,0.362412436,0.114655129,0.245536073,0.208522358,0.282635147,0.940896744,0.247256385,2
230,0.124301711,0.151621486,0.255288166,0.019292954,0.460377837,0.104523836,0.042310428,0.161337091,0.074696646,0.143009332,0.08489113,0.27003068,0.16877624,0.097191436,2
231,0.187381958,0.066669025,0.307964398,0.044117888,0.517741733,0.237264595,0.271690179,0.453953361,0.148061973,0.353017998,0.635526611,0.280497803,0.387595013,0.231231756,2
232,0.128229091,0.141295833,0.402551155,0.030222283,0.431985714,0.161546774,0.19197488,0.279033897,0.11178779,0.12486081,0.198089319,0.101853614,0.37047687,0.183958833,2
233,0.317677698,0.168281283,0.156514845,0.024858447,0,0.245663319,0.033530294,0.197784575,0.229483176,0.206332632,0.142736073,0.30905233,0.005478397,0.155510602,2
234,0.187512488,0.16719454,0.19916537,0.013173852,0.064259768,0.191849585,0.296391842,0.421170033,0.232448762,0.456580396,0.32187363,0.223851263,0.065057851,0.323062846,1
235,0.252840862,0.091442582,0.191596047,0.029027927,0.307068229,0.167969631,0.203295557,0.289800308,0.195013301,0.455523991,0.647069372,0.267226033,0.095753456,0.36744425,2
236,0.13817918,0.273226087,0.287056916,0.027133998,0.617077997,0.052839055,0.347308719,0.346516269,0.134576335,0.320409982,0.232051291,0.164453606,0.276614321,0.135236307,2
237,0.179739207,0.218172431,0.211518673,0.041312595,0.328260667,0.084607981,0.087735416,0.173348934,0.202416425,0.124255448,0.176779442,0.163445544,0.264753276,0.365659415,2
238,0.341864909,0.114898407,0.143225301,0.02204735,0.005847122,0.07635159,0.091769641,0.207875042,0.112466783,0.21168065,0.259951694,0.189187323,0.009167475,0.0933142,2
239,0.171106177,0.073521723,0.077924222,0.011984167,0.001381906,0.081737055,0.021143565,0.094304454,0.10460479,0.026817982,0.065738598,0.018575555,0.028675318,0.195396718,2
240,0.291185911,0.370822469,0.23641306,0.017374793,0.522879657,0.126473174,0.079502206,0.259548231,0.173341998,0.16960331,0.227346475,0.214390877,0.395665271,0.081169882,2
241,0.146944071,0.012583099,0.759266645,0.042659784,0.482004185,0.165655172,0.129229884,0.064530389,0.036303993,0.18520781,0.188578361,0.092443164,0.487788219,0.293589088,2
242,0.123182851,0.202148866,0.134020627,0.570490291,0.375542143,0,0.373986593,0.130215741,0.088552629,0.267872439,0.124975154,0.166292218,0.279382633,0.117937762,2
243,0.248893902,0.299387178,0.239456925,0.036003142,0.392645744,0.084604552,0.056837522,0.135697372,0.100564717,0.165360114,0.161728369,0.076329503,0.298621418,0.19169609,2
244,0.273564218,0.635872995,0.004001556,0.021297059,0.681783139,0.255355369,0.032483212,0.465084306,0.22260941,0.346356487,0.119261337,0.199283811,0.559965777,0.217970302,1
245,0.275761519,0.028122126,0.415435524,0.015763813,0.438807012,0.179430147,0.34196245,0.291144871,0.191105574,0.505456758,0.546560939,0.265547792,0.16940013,0.145233198,1
246,0.37283485,0.114571211,0.389204944,0.016861886,0.011280523,0.140052409,0.107605913,0.202034946,0.20366311,0.146341237,0.231641459,0.346058482,0.008371617,0.134208321,2
247,0.339436609,0.455901125,0.310797512,0.01850414,0.41507077,0.153680343,0.182361255,0.336332701,0.141507031,0.210258971,0.182014983,0.193128676,0.324646476,0.172813296,1
248,0.19809557,0.110303921,0.337377121,0.026651301,0.612859405,0.220473727,0.278093794,0.080090797,0.194403038,0.389505509,0.961696605,0.268211523,0.289242685,0.336609732,1
249,0.240876603,0.292930194,0.423490068,0.029735832,0.465177282,0.269091675,0.261784858,0.347128382,0.223543185,0.281284118,0.349866844,0.201154555,0.244054496,0.093841873,1
250,0.287252711,0.374703087,0.184972283,0.028272068,0.604396975,0.454032676,0.536376758,0.576354242,0.268595315,0.416862341,0.358816399,0.284479339,0.297307674,0.094144059,1
251,0.217291189,0.158740381,0.160921422,0.497714866,0.409637909,0.076191313,0.154341491,0.183573208,0.088685481,0.237728352,0.198448189,0.185074439,0.18955073,0.260096223,2
252,0.237862461,0.453884329,0.30894416,0.147973787,0.2788704,0.105316956,0.082762492,0.216180242,0.0252853,0.242401036,0.037568599,0.134071846,0.206945788,0.018630562,2
253,0.210270753,0.061761942,0.159793221,0.012789985,0.008708855,0.089336152,0.061565058,0.150717665,0.132198314,0.15683347,0.400925185,0.201517912,0.008034088,0.234415009,2
254,0.282317099,0.210875255,0.228019735,0.020104483,0.001893113,0.076656518,0.03443588,0.204285059,0.131308921,0.024725345,0.127140809,0.177132781,0.016979757,0.104845538,2
255,0.264991163,0.029313704,0.523744235,0.055985225,0.445437331,0.111669018,0.085405965,0.091113006,0.050295518,0.123635451,0.437917804,0.14498368,0.337692943,0.140108022,2
256,0.142189987,0.018947335,0.226310599,0.047363886,0.37336853,0.11808357,0.050125773,0.137288828,0.073593682,0.12929952,0.189271847,0.161710796,0.235332917,0.082827756,1
257,0.244784278,0.080158658,0.598239954,0.046516448,0.595310743,0.115291985,0.126505097,0.525641391,0.177279215,0.252946843,0.090772436,0.334866049,0.300425578,0.042472067,2
258,0.331415981,0.236363241,0.954630963,0.024719428,0.464526672,0.103332376,0.038426999,0.043536765,0.023526892,0.112025129,0.042811582,0.092402274,0.407646709,0.127854264,2
259,0.258413093,0.104008904,0.16433623,0.01545327,0.000707392,0.074522561,0.032524293,0.063590989,0.101674447,0.067796614,0.286735253,0.05486895,0.000407636,0.461268447,1
260,0.142178693,0.40510098,0.159650454,1,0.502551069,0.152201919,0.066716386,0.250153248,0.063948719,0.20051151,0.128534008,0.1540899,0.031106448,0.101841968,1
261,0.19162438,0.19713966,0.41914403,0.042679505,0.533474259,0.084718263,0.100592221,0.100962533,0.096940543,0.221163091,0.139524518,0.122020807,0.356242718,0.062529329,2
262,0.448566456,0.138792751,0.30527781,0.021744517,0.00318501,0.116189807,0.044999481,0.205477497,0.185569308,0.117880075,0.041442409,0.216263331,0.01163626,0.031979167,2
263,0.354031461,0.173249398,0.0742703,0.009495792,0.072787856,0.11130349,0.048246523,0.154036178,0.143659973,0.439277119,0.185043993,0.147716788,0.031908856,0.088419737,2
264,0.162864416,0.511462809,0.470775825,0.021996206,0.801497031,0.13575552,0.060525978,0.172483147,0.142615989,0.306218271,0.442894748,0.121801588,0.457063081,0.086026379,1
265,0.228506402,0.186933752,0.358352419,0.635559362,0.46376634,0.124494322,0.14608701,0.444869116,0.122455557,0.227721928,0.199788979,0.11776808,0.202546627,0.153240824,2
266,0.028677621,0.178989374,0.444440876,0.014019423,0.702067808,0.187824515,0.315250827,0.069727805,0.108602505,0.216434235,0.449044802,0.195255762,0.742515794,0.052251003,2
267,0.34977296,0.119296373,0.238339408,0.008535028,0.005251083,0.166124622,0.059480308,0.373877956,0.290840011,0.118007326,0.107340552,0.179394588,0.063974531,0.214924923,2
268,0.298389477,0.248466256,0.126323049,0.018149154,0.22299588,0.097123,0.018799669,0.181295949,0.065239574,0.116605287,0.131042056,0.120728027,0.007138139,0.027716744,2
269,0.282474607,0.234912162,0.237042457,0.0093715,0.352507169,0.108908706,0.149595036,0.20234146,0.198776454,0.41689756,0.340563731,0.365754746,0.124259251,0.054718754,2
270,0.092906174,0.100214271,0.34701453,0.020785012,0.516087157,0.448037374,0.029450316,0.496118799,0.109594701,0.206860076,0.120039698,0.130280953,0.347711043,0.218456167,2
271,0.352937286,0.219587743,0.157682176,0.082185348,0.178386652,0.051979013,0.051790143,0.189504854,0.120286925,0.216518253,0.194962797,0.249429649,0.017505925,0.076217779,2
272,0.270808423,0.309468816,0.074679557,0.027971959,0.333565787,0.297828192,0.093786158,0.470573506,0.193284357,0.165056442,0.183010841,0.227205279,0.014005234,0.09039609,2
273,0.228591827,0.230025706,0.281754298,0.012074686,0.665960128,0.273557072,0.234250481,0.290626865,0.141526398,0.458274633,0.316666677,0.260420542,0.370010602,0.15374498,2
274,0.262696994,0.227947853,0.278789607,0.041885822,0.401048563,0.143298911,0.138078773,0.22728137,0.16787345,0.189167836,0.249191863,0.205839214,0.210675931,0.108696798,2
275,0.152818618,0.330201038,0.301443258,0.023946116,0.274024005,0.139032405,0.286190498,0.283685893,0.187009371,0.075500471,0.201534052,0.190492864,0.342531526,0.195307414,2
276,0.184220148,0.151065142,0.255680082,0.027817003,0.279560633,0.106313288,0.293310263,0.421465977,0.220196278,0.325877319,0.176993494,0.216172154,0.197777666,0.148313314,1
277,0.390907786,0.257324358,0.332305734,0.004685925,0.632398544,0.177881427,0.251891165,0.208372098,0.116717123,0.288675234,0.250283945,0.37563714,0.223330728,0.103267745,2
278,0.095663769,0.062866783,0.493037743,0.303940444,0.328628878,0.068494873,0.058907851,0.669840674,0.022415403,0.182916705,0.182754355,0.027162198,0.270534669,0.597468491,1
279,0.1307839,0.034306234,0.633585056,0.031018372,0.208120615,0.193916621,0.21187688,0.35485177,0.137993732,0.144490753,0.353627875,0.192474198,0.212161031,0.122593981,1
280,0.15511153,0.03876432,0.256071927,0.041935546,0.222734193,0.112620191,0.163800164,0.230335232,0.230668057,0.471265618,0.384902521,0.154485586,0.055957124,0.158791304,2
281,0.155719098,0.035222449,0.478815801,0.026672155,0.373126086,0.20618062,0.385823107,0.333164112,0.189812269,0.271369523,0.308278374,0.244120944,0.330823211,0.175040651,2
282,0.402870467,0.345505439,0.081499843,0.168702565,0.00355913,0.159856741,0.076140093,0.19275502,0.139646007,0.228076781,0.115960876,0.117689327,0.071789914,0.058816405,2
283,0.308324005,0.49319481,0.168610456,0.028830603,0.480808706,0.192872166,0.076652263,0.394554279,0.115986022,0.365888843,0.188979469,0.23285739,0.180526481,0.110046953,1
284,0.14479619,0.189434671,0.249499594,0.046246978,0.249353264,0.141209889,0.152154728,0.104687684,0.071760923,0.263321837,0.304692399,0.098415657,0.194992114,0.495267159,1
285,0.424453597,0.045689242,0.284444012,0.002976876,0.001064423,0.14850645,0.125558151,0.312661285,0.250544403,0.288622728,0.206524087,0.234936329,0.007567423,0.031514206,2
286,0.297874461,0.103456819,0.184685989,0.008581966,0.000902539,0.050966554,0.016887829,0.058856322,0.059911311,0.010017885,0.053091598,0.080734235,0.052332643,0.214692519,2
287,0.24579833,0.044896454,0.357379005,0.011225421,0.2452695,0.138113154,0.314679627,0.245922238,0.177434658,0.422692081,0.513044725,0.239118115,0.206576248,0.086337788,1
288,0.144628546,0.012820575,0.345351548,0.02365036,0.337556233,0.158258822,0.123124693,0.178363848,0.075545468,0.198500074,0.402148705,0.138594913,0.266511063,0.23330602,2
289,0.438342114,0.398936667,0.256295797,0.010888444,0.578624776,0.142348572,0.184796779,0.301726249,0.400709874,0.421227223,0.267879978,0.302102812,0.323415647,0.150661482,1
290,0.3038859,0.386664155,0.181822768,0.030427833,0.596904275,0.309712519,0.230519923,0.455032001,0.151841296,0.438075955,0.45363755,0.380404277,0.183853498,0.069735071,1
291,0.104725847,0.00472949,0.478609188,0.040231261,0.541550239,0.286848416,0.210403074,0.462594778,0.178785984,0.297626456,1,0.268210561,0.291320578,0.305579547,1
292,0.090277481,0.251137592,0.26219417,0.038569855,0.752649944,0.15181587,0.099347708,0.165859745,0.191146306,0.148061049,0.211030026,0.215247966,0.408500102,0.041446233,2
293,0.251928388,0.276113978,0.409780768,0.034830137,0.373865642,0.044791213,0.105092292,0.196173619,0.112183389,0.252722949,0.496934286,0.184342984,0.262007473,0.23076326,1
294,0.079516101,0.157494886,0.23593368,0.040544453,0.623282173,0.21615361,0.220354948,0.464498435,0.128965558,0.252042322,0.254749599,0.271811121,0.275517165,0.333106617,2
295,0.197112615,0.253527075,0.386403176,0.005496725,0.870035628,0.136069624,0.05429497,0.286465551,0.06937491,0.287102177,0.108218668,0.101485328,0.388383127,0.157737803,2
296,0.173360125,0.007882835,0.270964281,0.052242414,0.256161628,0.233963536,0.165668228,0.183875932,0.04549355,0.155258115,0.222971863,0.168211406,0.359113316,0.161127483,2
297,0.058615706,0.362465475,0.008633424,0.01719391,0.63180737,0.305727917,0.075255051,0.788242288,0.225044626,0.245229473,0,0.191774382,0.801262098,0.112927405,2
298,0.177964296,0.091148692,0.366782172,0.024234219,0.328941636,0.186938521,0.419593171,0.463550334,0.175475333,0.329734985,0.283683422,0.279665005,0.181281226,0.082627323,2
299,0.261924099,0.025950369,0.196406912,0.023427884,0.623125164,0.177895108,0.158122971,0.206249533,0.123042217,0.892663093,0.287914143,0.264516191,0.421094539,0.046536825,2
300,0.331829715,0.203663719,0.159029827,0.020221682,0.443289085,0.182740271,0.187576349,0.235641434,0.08686407,0.391814641,0.396194457,0.226917243,0.39142601,0.200102583,1
301,0.2032134,0.161449639,0.273482274,0.023762543,0.520388102,0.593678496,0.300554727,0.324513994,0.134358023,0.334257905,0.539010724,0.225350156,0.271724814,0.245541793,1
302,0.268414945,0.080851099,0.526541063,0.006767338,0.295163677,0.07296459,0.064009311,0.06700525,0.103013306,0.227213879,0.391596871,0.196957821,0.106386439,0.207320775,1
303,0.407675673,0.02383235,0.235221492,0.005291402,0.042004573,0.132549801,0.055196906,0.33625003,0.262612381,0.192996998,0.170705275,0.144585711,0.025612865,0.120836352,2
304,0.106944332,0.301269041,0.211123295,0.044570212,0.455777601,0.292835061,0.355197262,0.523395806,0.126877297,0.26316414,0.124201994,0.205495269,0.454807135,0.283552541,2
305,0.308354092,0.196386884,0.24324158,0.02672747,0.303846812,0.08130822,0.0353415,0.176665946,0.073225441,0.277225905,0.146235489,0.102109016,0.133005647,0.026119891,2
306,0.056675493,0.187696267,0.093254068,0.039489634,0.447215224,0.410731029,0.208899512,0.239818648,0.070325042,0.348255182,0.430499454,0.150228454,0.285006727,0.121025871,2
307,0.17403514,0.333909801,0.199808096,0.037746383,0.236860446,0.100574994,0.238123833,0.187535203,0.609347658,0.380623863,0.35356659,0.137164303,0.155873669,0.084149321,2
308,0.174668775,0.406565865,0.139112211,0.018020939,0.371823804,0.157645166,0.089103101,0.338153088,0.158164845,0.29239576,0.219849444,0.142466504,0.228873506,0.087768792,1
309,0.172820127,0.065578648,0.37929357,0.025468326,0.441203826,0.189161979,0.360756052,0.195076292,0.126303345,0.376428168,0.378662121,0.158344064,0.350140158,0.142412537,2
310,0.223964129,0.292855259,0.171677348,0.016899379,0.317028766,0.266515369,0.109670624,0.376825424,0.132754632,0.350871638,0.284113282,0.136671508,0.251194791,0.074010098,1
311,0.292800206,0.26753817,0.312897621,0.013106543,0.409393643,0.104691214,0.124345256,0.1835259,0.101176684,0.344870785,0.209351694,0.083696243,0.574749823,0.093217673,1
312,0.134954288,0.248856581,0.08094278,0.011599375,0.317551112,0.109697377,0.065638699,0.228850361,0.183382187,0.354597525,0.286715167,0.152069846,0.230462344,0.178805221,1
313,0.139649161,0.064219164,0.262693693,0.031183937,0.559344044,0.233475863,0.095093735,0.253466304,0.096580321,0.314099794,0.409209125,0.124473466,0.387747865,0.370349296,2
314,0.123196587,0.083108988,0.327319391,0.0324978,0.183920946,0.086907296,0.056266942,0.080300584,0.029993417,0.184395227,0.227612396,0.056142835,0.143147351,0.464107706,2
315,0.112091534,0.032160911,0.946376295,0.082426998,0.309758042,0.071817547,0.045567521,0.09143691,0.080549871,0.176935465,0.121841952,0.096702667,0.421563322,0.138041904,2
316,0.107026231,0.221081645,0.282455704,0.091504739,0.673902573,0.166479101,0.049778616,0.322616277,0.099490923,0.191711201,0.245005056,0.068393718,0.271334912,1,2
317,0.177956947,0.067016423,0.219249075,0.010935061,0.002299334,0.065064569,0.081314808,0.001864541,0.049615886,1,0.0455487,0.086091041,0.029111915,0.276031241,2
318,0.128132396,0.059524086,0.101197881,0.035578395,0.423443509,0.202120922,0.237576256,0.308760475,0.100840225,0.263026466,0.301953283,0.232191395,0.138564309,0.187874034,2
319,0.117906007,0.101149226,0.195410668,0.059106848,0.283830064,0.090811889,0.033161081,0.00555859,0.018380872,0.126551121,0.096300513,0.046086138,0.231209839,0.251669287,2
320,0.099614922,0.018268729,0.276221407,0.049332446,0.286505643,0.098458091,0.109610058,0.035694911,0.01911104,0.197033602,0.105961707,0.031091466,0.150988608,0.149148245,2
321,0.424646987,0.093510902,0.118446361,0.011550209,0.005232897,0.104007874,0.022804359,0.178590401,0.089281625,0.153959338,0.151327421,0.077018571,0.009180037,0.137941534,2
322,0.152031445,0.111178709,0.413490259,0.049122822,0.289118182,0.119322839,0.20969037,0.286633806,0.135000093,0.286295474,0.175455116,0.176047352,0.166555851,0.14097062,2
323,0.087560527,0.054844664,0.314972661,0.059491853,0.472347072,0.190344985,0.157486715,0.074150984,0.01506793,0.141528075,0.19700781,0.046610125,0.348059843,0.033670549,2
324,0.107892269,0.15211161,0.422308592,0.044206109,0.414079087,0.103191119,0.041307971,0.205557598,0.067201296,0.131539158,0.151918563,0.08447301,0.21089015,0.345185764,2
325,0.316772967,0.055737331,0.333533969,0.006074396,0.115150069,0.099715286,0.319517669,0.346837743,0.171750408,0.287759772,0.101352187,0.280909102,0.105854028,0.054275158,2
326,0.260213725,0.171587203,0.29934063,0.008673613,0.003751183,0.075089131,0.04769924,0.05077499,0.037594634,0,0.100060742,0.076696915,0.041787936,0.146397521,2
327,0.154861297,0.084121035,0.113531704,0.012163278,0.000879418,0.085411001,0.012230722,0.053156978,0.025453929,0.361988833,0.039810273,0.013927414,0.091250047,0.394938889,2
328,0.087564497,0.041205092,0.047708132,0.004341784,0.000235188,0.040413073,0.039793818,0.096319352,0.085758709,0.101491344,0.108569372,0.069453534,0.022746688,0.199953796,1
329,0.264777502,0.106782839,0.30672952,0.025947436,0.005503813,0.085540914,0.053506512,0.159672173,0.0873487,0.070715538,0.086675863,0.05986889,0.016136902,0.05150476,2
330,0.292103588,0.113868946,0.257518725,0.016070903,0.003671813,0.059628626,0.032706797,0.135372706,0.666799697,0.098421656,0.159494368,0.118105157,0.004375358,0.023818911,2
331,0.321165351,0.341332613,0.203859845,0.029602874,0.003201037,0.101328128,0.029827932,0.160529704,0.051816646,0.10370888,0.025082723,0.096985632,0.002276833,0.15037067,2
332,0.097601762,0.187010386,0.146137688,0.040374223,0.112413633,0.070372416,0.066130087,0.06584324,0.009046288,0.113894774,0.045025017,0.002293284,0.201080745,0.195931308,1
333,0.077803852,0.173235819,0.06352372,0.158463688,0.229903797,0.025879494,0.01655412,0,0.006041115,0.111459335,0.10430673,0.007108124,0.022789356,0.77493109,1
334,0.251425184,0.162194576,0.1276238,0.023538669,0.364796575,0.198255406,0.036117839,0.272691453,0.138096508,0.346339924,0.503358737,0.13075543,0.371028699,0.115540716,1
335,0.369462782,0.260933049,0.076351703,0.527158718,0.226434706,0.102095258,0.053570205,0.130868382,0.092608899,0.226600831,0.075281983,0.146511888,0.079573734,0.05203397,2
336,0.201660707,0.100905687,0.123564464,0.016948963,0.007200967,0.114667651,0.05635919,0.388551767,0.169916743,0.073808149,0.127373817,0.187256147,0.062458291,0.139476597,2
337,0.179966284,0.208399864,0.294603858,0.041503189,0.331246583,0.299782055,0.067842267,0.627011376,0.194512634,0.365327152,0.293838219,0.17386656,0.231532201,0.270859338,1
338,0.171338235,0.087150302,0.358168622,0.031817509,0.483550872,0.151633606,0.298376529,0.322926201,0.106932941,0.26689041,0.265447048,0.280199154,0.30260617,0.124691608,1
339,0.218953869,0.31257994,0.199302971,0.032845308,0.368222839,0.176206391,0.290545113,0.322607131,0.133416202,0.258126756,0.288168078,0.143487792,0.289353324,0.117872898,1
340,0.169946799,0.089411782,0.185306588,0.040360247,0.304863508,0.087549037,0.081190534,0.180947405,0.159679367,0.085594455,0.072811141,0.148866908,0.249457467,0.253892799,2
341,0.472912063,0.204402875,0.161668517,0.014054134,0.445032236,0.122155615,0.138013407,0.215184719,0.328931236,0.336299854,0.252358156,0.229929157,0.146147531,0.078144946,2
342,0.213368149,0.151249699,0.341838493,0.026501609,0.513037376,0.05722702,0.18881553,0.151291413,0.109492831,0.353326718,0.289362538,0.148886563,0.33462856,0.203044518,2
343,0.143110747,0.143991121,0.109236408,0.013813285,0.514848206,0.400729565,0.113500845,0.758657836,0.212917641,0.218900256,0.049672868,0.377891055,0.431829259,0.009448313,2
344,0.2233356,0.085298401,0.222821374,0.012967336,0.209519698,0.082504871,0.140090349,0.237376123,0.151487467,0.257686367,0.196176172,0.232504922,0.164323602,0.154779422,2
